#chromosomeIndex	startPos	endPos	cytobandIndex	colourIndex	cytobandName	tadIndices
1	0	2300000	1	7	1p36.33	1;2;3;4;5
1	2300000	5400000	2	4	1p36.32	5;6;7
1	5400000	7200000	3	7	1p36.31	7;8
1	7200000	9200000	4	4	1p36.23	8;9;10;11
1	9200000	12700000	5	7	1p36.22	11;12;13;14;15
1	12700000	16200000	6	1	1p36.21	15;16;17;18;19;20
1	16200000	20400000	7	7	1p36.13	20;21;22;23;24
1	20400000	23900000	8	4	1p36.12	24;25;26;27;28;29;30
1	23900000	28000000	9	7	1p36.11	30;31;32;33;34;35;36;37
1	28000000	30200000	10	4	1p35.3	37;38;39
1	30200000	32400000	11	7	1p35.2	39;40
1	32400000	34600000	12	4	1p35.1	40;41;42
1	34600000	40100000	13	7	1p34.3	42;43;44;45;46;47;48
1	40100000	44100000	14	4	1p34.2	48;49;50;51;52;53;54;55;56
1	44100000	46800000	15	7	1p34.1	56;57;58;59;60
1	46800000	50700000	16	2	1p33	60;61;62;63;64
1	50700000	56100000	17	7	1p32.3	64;65;66;67;68;69;70;71
1	56100000	59000000	18	1	1p32.2	71;72
1	59000000	61300000	19	7	1p32.1	72;73;74;75
1	61300000	68900000	20	1	1p31.3	74;75;76;77;78;79;80;81;82;83;84;85
1	68900000	69700000	21	7	1p31.2	85
1	69700000	84900000	22	0	1p31.1	85;86;87;88;89;90;91;92;93;94;95;96;97;98;99;100;101;102;103;104
1	84900000	88400000	23	7	1p22.3	104;105;106;107;108
1	88400000	92000000	24	2	1p22.2	108;109;110;111;112
1	92000000	94700000	25	7	1p22.1	112;113;114;115
1	94700000	99700000	26	2	1p21.3	115;116;117;118;119;120
1	99700000	102200000	27	7	1p21.2	120;121;122;123;124
1	102200000	107200000	28	0	1p21.1	124;125;126;127;128;129;130;131
1	107200000	111800000	29	7	1p13.3	131;132;133;134;135
1	111800000	116100000	30	1	1p13.2	135;136;137;138;139;140;141
1	116100000	117800000	31	7	1p13.1	141;142;143;144
1	117800000	120600000	32	1	1p12	144;145;146
1	120600000	121500000	33	7	1p11.2	146;147;148
1	121500000	125000000	34	5	1p11.1	147;148
1	125000000	128900000	35	5	1q11	149
1	128900000	142600000	36	3	1q12	149;150
1	142600000	147000000	37	7	1q21.1	150;151;152;153;154;155
1	147000000	150300000	38	1	1q21.2	155;156;157;158;159;160;161
1	150300000	155000000	39	7	1q21.3	161;162;163;164;165;166
1	155000000	156500000	40	1	1q22	166;167;168
1	156500000	159100000	41	7	1q23.1	168;169;170;171;172
1	159100000	160500000	42	1	1q23.2	171;172;173;174
1	160500000	165500000	43	7	1q23.3	174;175;176;177;178
1	165500000	167200000	44	1	1q24.1	178;179;180;181
1	167200000	170900000	45	7	1q24.2	181;182;183;184;185
1	170900000	172900000	46	2	1q24.3	184;185;186;187;188
1	172900000	176000000	47	7	1q25.1	188;189;190;191;192
1	176000000	180300000	48	1	1q25.2	192;193;194;195
1	180300000	185800000	49	7	1q25.3	195;196;197;198;199;200;201;202;203;204;205
1	185800000	190800000	50	0	1q31.1	205;206;207;208;209;210
1	190800000	193800000	51	7	1q31.2	210;211;212
1	193800000	198700000	52	0	1q31.3	212;213;214;215;216;217;218;219
1	198700000	207200000	53	7	1q32.1	219;220;221;222;223;224;225;226;227;228;229;230;231;232;233
1	207200000	211500000	54	4	1q32.2	232;233;234;235;236;237;238
1	211500000	214500000	55	7	1q32.3	238;239;240
1	214500000	224100000	56	0	1q41	240;241;242;243;244;245;246;247;248;249
1	224100000	224600000	57	7	1q42.11	249
1	224600000	227000000	58	4	1q42.12	249;250;251
1	227000000	230700000	59	7	1q42.13	251;252;253;254;255;256;257;258
1	230700000	234700000	60	1	1q42.2	257;258;259;260;261;262;263
1	234700000	236600000	61	7	1q42.3	263;264;265;266
1	236600000	243700000	62	2	1q43	266;267;268;269;270;271;272;273
1	243700000	249250621	63	7	1q44	273;274;275;276;277;278
2	0	4400000	64	7	2p25.3	279;280;281;282;283
2	4400000	7100000	65	1	2p25.2	283;284;285;286
2	7100000	12200000	66	7	2p25.1	286;287;288;289;290;291;292
2	12200000	16700000	67	2	2p24.3	292;293;294;295
2	16700000	19200000	68	7	2p24.2	295;296;297;298
2	19200000	24000000	69	2	2p24.1	298;299;300;301;302
2	24000000	27900000	70	7	2p23.3	302;303;304;305;306;307;308
2	27900000	30000000	71	4	2p23.2	308;309;310
2	30000000	32100000	72	7	2p23.1	310;311;312
2	32100000	36600000	73	2	2p22.3	312;313;314;315;316;317
2	36600000	38600000	74	7	2p22.2	317;318;319;320
2	38600000	41800000	75	1	2p22.1	320;321;322;323;324
2	41800000	47800000	76	7	2p21	324;325;326;327;328;329;330;331;332
2	47800000	52900000	77	0	2p16.3	332;333;334;335;336;337;338
2	52900000	55000000	78	7	2p16.2	338;339;340
2	55000000	61300000	79	0	2p16.1	340;341;342;343;344;345;346;347
2	61300000	64100000	80	7	2p15	347;348;349;350;351;352
2	64100000	68600000	81	1	2p14	351;352;353;354;355;356;357
2	68600000	71500000	82	7	2p13.3	357;358;359;360;361;362
2	71500000	73500000	83	1	2p13.2	362;363;364;365;366
2	73500000	75000000	84	7	2p13.1	366;367
2	75000000	83300000	85	0	2p12	367;368;369;370;371;372;373;374;375
2	83300000	90500000	86	7	2p11.2	375;376;377;378;379;380;381;382;383
2	90500000	93300000	87	5	2p11.1	383;384;385
2	93300000	96800000	88	5	2q11.1	386;387;388
2	96800000	102700000	89	7	2q11.2	388;389;390;391;392;393;394;395
2	102700000	106000000	90	1	2q12.1	395;396;397;398
2	106000000	107500000	91	7	2q12.2	398;399;400
2	107500000	110200000	92	4	2q12.3	400;401;402
2	110200000	114400000	93	7	2q13	402;403;404;405;406
2	114400000	118800000	94	1	2q14.1	406;407;408;409;410;411
2	118800000	122400000	95	7	2q14.2	411;412;413;414;415
2	122400000	129900000	96	1	2q14.3	415;416;417;418;419;420;421;422
2	129900000	132500000	97	7	2q21.1	422;423
2	132500000	135100000	98	4	2q21.2	423;424;425;426
2	135100000	136800000	99	7	2q21.3	426;427;428
2	136800000	142200000	100	0	2q22.1	428;429;430;431;432;433;434;435
2	142200000	144100000	101	7	2q22.2	435;436;437;438
2	144100000	148700000	102	0	2q22.3	438;439;440;441
2	148700000	149900000	103	7	2q23.1	441;442;443
2	149900000	150500000	104	4	2q23.2	443;444
2	150500000	154900000	105	7	2q23.3	444;445;446;447;448
2	154900000	159800000	106	2	2q24.1	448;449;450;451;452;453
2	159800000	163700000	107	7	2q24.2	453;454;455;456
2	163700000	169700000	108	2	2q24.3	456;457;458;459;460
2	169700000	178000000	109	7	2q31.1	460;461;462;463;464;465;466;467;468;469;470;471
2	178000000	180600000	110	1	2q31.2	471;472;473;474;475
2	180600000	183000000	111	7	2q31.3	475;476;477;478
2	183000000	189400000	112	2	2q32.1	478;479;480;481;482;483;484;485;486
2	189400000	191900000	113	7	2q32.2	485;486;487;488;489;490
2	191900000	197400000	114	2	2q32.3	489;490;491;492;493;494;495;496;497
2	197400000	203300000	115	7	2q33.1	497;498;499;500;501;502;503;504
2	203300000	204900000	116	1	2q33.2	504;505;506;507
2	204900000	209000000	117	7	2q33.3	507;508;509
2	209000000	215300000	118	0	2q34	509;510;511;512;513;514;515;516;517;518
2	215300000	221500000	119	7	2q35	518;519;520;521;522;523;524;525
2	221500000	225200000	120	2	2q36.1	525;526;527;528;529;530
2	225200000	226100000	121	7	2q36.2	530;531
2	226100000	231000000	122	0	2q36.3	531;532;533;534;535;536
2	231000000	235600000	123	7	2q37.1	536;537;538;539;540;541
2	235600000	237300000	124	1	2q37.2	541;542;543;544
2	237300000	243199373	125	7	2q37.3	544;545;546;547;548;549;550;551;552
3	0	2800000	126	1	3p26.3	553;554;555;556
3	2800000	4000000	127	7	3p26.2	556;557
3	4000000	8700000	128	1	3p26.1	557;558;559;560;561;562;563
3	8700000	11800000	129	7	3p25.3	563;564;565;566;567
3	11800000	13300000	130	4	3p25.2	567;568;569
3	13300000	16400000	131	7	3p25.1	569;570;571;572;573;574
3	16400000	23900000	132	0	3p24.3	574;575;576;577;578;579;580;581;582
3	23900000	26400000	133	7	3p24.2	582;583;584;585;586
3	26400000	30900000	134	2	3p24.1	586;587;588;589;590;591
3	30900000	32100000	135	7	3p23	591
3	32100000	36500000	136	1	3p22.3	591;592;593;594;595
3	36500000	39400000	137	7	3p22.2	595;596;597;598;599;600
3	39400000	43700000	138	2	3p22.1	600;601;602;603;604;605;606
3	43700000	44100000	139	7	3p21.33	606
3	44100000	44200000	140	1	3p21.32	606
3	44200000	50600000	141	7	3p21.31	606;607;608;609;610;611;612;613;614;615;616
3	50600000	52300000	142	4	3p21.2	616;617;618
3	52300000	54400000	143	7	3p21.1	618;619;620
3	54400000	58600000	144	1	3p14.3	620;621;622;623;624;625;626
3	58600000	63700000	145	7	3p14.2	626;627;628;629;630;631;632
3	63700000	69800000	146	1	3p14.1	632;633;634;635;636;637;638;639;640;641
3	69800000	74200000	147	7	3p13	641;642;643;644;645;646;647
3	74200000	79800000	148	2	3p12.3	647;648;649;650;651;652;653
3	79800000	83500000	149	7	3p12.2	653;654;655;656
3	83500000	87200000	150	2	3p12.1	656;657;658;659
3	87200000	87900000	151	7	3p11.2	659;660
3	87900000	91000000	152	5	3p11.1	660;661;662;663;664
3	91000000	93900000	153	5	3q11.1	665;666
3	93900000	98300000	154	3	3q11.2	666;667;668;669;670;671
3	98300000	100000000	155	7	3q12.1	671;672;673;674
3	100000000	100900000	156	4	3q12.2	673;674;675
3	100900000	102800000	157	7	3q12.3	675;676;677;678
3	102800000	106200000	158	2	3q13.11	678;679;680
3	106200000	107900000	159	7	3q13.12	680;681;682;683
3	107900000	111300000	160	1	3q13.13	683;684;685;686
3	111300000	113500000	161	7	3q13.2	685;686;687;688;689
3	113500000	117300000	162	2	3q13.31	689;690;691;692;693;694
3	117300000	119000000	163	7	3q13.32	693;694;695;696
3	119000000	121900000	164	2	3q13.33	696;697;698;699;700
3	121900000	123800000	165	7	3q21.1	700;701;702
3	123800000	125800000	166	4	3q21.2	702;703;704
3	125800000	129200000	167	7	3q21.3	704;705;706;707;708;709
3	129200000	133700000	168	4	3q22.1	709;710;711;712;713;714
3	133700000	135700000	169	7	3q22.2	714;715
3	135700000	138700000	170	4	3q22.3	715;716;717;718;719
3	138700000	142800000	171	7	3q23	718;719;720;721;722;723;724
3	142800000	148900000	172	0	3q24	724;725;726;727;728;729;730;731
3	148900000	152100000	173	7	3q25.1	731;732;733;734;735;736;737
3	152100000	155000000	174	1	3q25.2	737;738;739
3	155000000	157000000	175	7	3q25.31	739;740;741;742
3	157000000	159000000	176	1	3q25.32	742;743;744;745
3	159000000	160700000	177	7	3q25.33	744;745;746;747
3	160700000	167600000	178	0	3q26.1	747;748;749;750;751;752;753
3	167600000	170900000	179	7	3q26.2	753;754;755;756;757
3	170900000	175700000	180	2	3q26.31	757;758;759;760;761
3	175700000	179000000	181	7	3q26.32	761;762;763;764
3	179000000	182700000	182	2	3q26.33	764;765;766;767;768
3	182700000	184500000	183	7	3q27.1	768;769;770;771
3	184500000	186000000	184	4	3q27.2	771;772;773;774
3	186000000	187900000	185	7	3q27.3	774;775;776
3	187900000	192300000	186	2	3q28	776;777;778;779;780;781
3	192300000	198022430	187	7	3q29	781;782;783;784;785;786;787;788;789
4	0	4500000	188	7	4p16.3	790;791;792;793;794;795;796;797
4	4500000	6000000	189	4	4p16.2	797
4	6000000	11300000	190	7	4p16.1	797;798;799;800;801;802;803
4	11300000	15200000	191	1	4p15.33	803;804;805;806
4	15200000	17800000	192	7	4p15.32	806;807;808
4	17800000	21300000	193	2	4p15.31	808;809;810
4	21300000	27700000	194	7	4p15.2	810;811;812;813;814;815;816;817;818
4	27700000	35800000	195	0	4p15.1	818;819;820;821;822;823;824;825;826;827;828
4	35800000	41200000	196	7	4p14	828;829;830;831;832;833;834;835;836;837
4	41200000	44600000	197	1	4p13	837;838;839;840;841
4	44600000	48200000	198	7	4p12	841;842;843;844;845;846
4	48200000	50400000	199	5	4p11	846;847
4	50400000	52700000	200	5	4q11	848;849
4	52700000	59500000	201	7	4q12	849;850;851;852;853;854;855;856;857
4	59500000	66600000	202	0	4q13.1	857;858;859;860;861;862
4	66600000	70500000	203	7	4q13.2	862;863;864;865;866
4	70500000	76300000	204	2	4q13.3	866;867;868;869;870;871;872;873
4	76300000	78900000	205	7	4q21.1	873;874;875
4	78900000	82400000	206	1	4q21.21	875;876;877;878;879
4	82400000	84100000	207	7	4q21.22	879;880;881
4	84100000	86900000	208	4	4q21.23	881;882;883;884
4	86900000	88000000	209	7	4q21.3	884;885;886
4	88000000	93700000	210	2	4q22.1	886;887;888;889;890;891;892;893
4	93700000	95100000	211	7	4q22.2	893;894
4	95100000	98800000	212	2	4q22.3	893;894;895;896
4	98800000	101100000	213	7	4q23	896;897;898;899;900
4	101100000	107700000	214	1	4q24	900;901;902;903;904;905;906
4	107700000	114100000	215	7	4q25	906;907;908;909;910;911;912;913;914;915;916
4	114100000	120800000	216	2	4q26	916;917;918;919;920;921;922;923
4	120800000	123800000	217	7	4q27	923;924;925;926
4	123800000	128800000	218	1	4q28.1	926;927;928;929;930;931;932
4	128800000	131100000	219	7	4q28.2	932;933;934
4	131100000	139500000	220	0	4q28.3	934;935;936;937;938;939;940;941;942
4	139500000	141500000	221	7	4q31.1	942;943;944
4	141500000	146800000	222	4	4q31.21	944;945;946;947;948;949;950
4	146800000	148500000	223	7	4q31.22	950;951
4	148500000	151100000	224	4	4q31.23	951;952;953;954;955
4	151100000	155600000	225	7	4q31.3	955;956;957;958;959;960;961;962
4	155600000	161800000	226	0	4q32.1	962;963;964;965;966;967
4	161800000	164500000	227	7	4q32.2	967;968;969;970;971
4	164500000	170100000	228	0	4q32.3	971;972;973;974;975;976;977;978
4	170100000	171900000	229	7	4q33	978;979;980
4	171900000	176300000	230	2	4q34.1	980;981;982;983;984;985;986
4	176300000	177500000	231	7	4q34.2	986;987;988
4	177500000	183200000	232	0	4q34.3	988;989;990;991;992;993
4	183200000	187100000	233	7	4q35.1	993;994;995;996;997;998;999
4	187100000	191154276	234	4	4q35.2	999;1000;1001;1002;1003
5	0	4500000	235	7	5p15.33	1004;1005;1006;1007;1008
5	4500000	6300000	236	4	5p15.32	1008;1009;1010
5	6300000	9800000	237	7	5p15.31	1010;1011;1012;1013;1014
5	9800000	15000000	238	1	5p15.2	1014;1015;1016;1017;1018;1019;1020
5	15000000	18400000	239	7	5p15.1	1020;1021;1022;1023;1024
5	18400000	23300000	240	0	5p14.3	1024;1025;1026;1027;1028;1029
5	23300000	24600000	241	7	5p14.2	1029;1030
5	24600000	28900000	242	0	5p14.1	1030;1031;1032;1033;1034;1035
5	28900000	33800000	243	7	5p13.3	1035;1036;1037;1038;1039
5	33800000	38400000	244	4	5p13.2	1039;1040;1041;1042;1043;1044;1045
5	38400000	42500000	245	7	5p13.1	1045;1046;1047;1048
5	42500000	46100000	246	1	5p12	1048;1049;1050;1051;1052;1053
5	46100000	48400000	247	5	5p11	1053;1054
5	48400000	50700000	248	5	5q11.1	1055;1056
5	50700000	58900000	249	7	5q11.2	1056;1057;1058;1059;1060;1061;1062;1063;1064;1065;1066
5	58900000	62900000	250	2	5q12.1	1066;1067;1068;1069
5	62900000	63200000	251	7	5q12.2	1069
5	63200000	66700000	252	2	5q12.3	1069;1070;1071;1072;1073
5	66700000	68400000	253	7	5q13.1	1073;1074;1075
5	68400000	73300000	254	1	5q13.2	1075;1076;1077;1078;1079;1080;1081
5	73300000	76900000	255	7	5q13.3	1081;1082;1083;1084;1085;1086
5	76900000	81400000	256	1	5q14.1	1086;1087;1088;1089;1090
5	81400000	82800000	257	7	5q14.2	1090;1091
5	82800000	92300000	258	0	5q14.3	1091;1092;1093;1094;1095;1096;1097;1098;1099;1100;1101
5	92300000	98200000	259	7	5q15	1101;1102;1103;1104;1105;1106;1107
5	98200000	102800000	260	0	5q21.1	1107;1108;1109;1110;1111
5	102800000	104500000	261	7	5q21.2	1111;1112;1113;1114
5	104500000	109600000	262	0	5q21.3	1114;1115;1116;1117;1118
5	109600000	111500000	263	7	5q22.1	1118;1119;1120;1121
5	111500000	113100000	264	1	5q22.2	1120;1121;1122;1123;1124;1125
5	113100000	115200000	265	7	5q22.3	1125;1126
5	115200000	121400000	266	0	5q23.1	1126;1127;1128;1129;1130;1131
5	121400000	127300000	267	7	5q23.2	1131;1132;1133;1134;1135;1136;1137
5	127300000	130600000	268	0	5q23.3	1137;1138;1139;1140
5	130600000	136200000	269	7	5q31.1	1140;1141;1142;1143;1144;1145;1146;1147;1148
5	136200000	139500000	270	4	5q31.2	1148;1149;1150;1151
5	139500000	144500000	271	7	5q31.3	1151;1152;1153;1154;1155;1156;1157;1158;1159
5	144500000	149800000	272	2	5q32	1159;1160;1161;1162;1163;1164;1165;1166
5	149800000	152700000	273	7	5q33.1	1166;1167;1168;1169;1170
5	152700000	155700000	274	1	5q33.2	1170;1171;1172;1173
5	155700000	159900000	275	7	5q33.3	1173;1174;1175;1176;1177;1178;1179
5	159900000	168500000	276	0	5q34	1179;1180;1181;1182;1183;1184;1185;1186
5	168500000	172800000	277	7	5q35.1	1186;1187;1188;1189;1190;1191;1192;1193
5	172800000	176600000	278	4	5q35.2	1193;1194;1195;1196;1197;1198;1199
5	176600000	180915260	279	7	5q35.3	1199;1200;1201;1202;1203;1204;1205;1206
6	0	2300000	280	7	6p25.3	1207;1208;1209
6	2300000	4200000	281	4	6p25.2	1209;1210;1211;1212
6	4200000	7100000	282	7	6p25.1	1212;1213;1214;1215;1216
6	7100000	10600000	283	1	6p24.3	1216;1217;1218;1219;1220
6	10600000	11600000	284	7	6p24.2	1220;1221
6	11600000	13400000	285	4	6p24.1	1221;1222;1223;1224
6	13400000	15200000	286	7	6p23	1224;1225
6	15200000	25200000	287	2	6p22.3	1225;1226;1227;1228;1229;1230;1231;1232;1233;1234;1235;1236
6	25200000	27000000	288	7	6p22.2	1236;1237;1238
6	27000000	30400000	289	1	6p22.1	1238;1239;1240;1241;1242;1243
6	30400000	32100000	290	7	6p21.33	1242;1243;1244;1245;1246
6	32100000	33500000	291	4	6p21.32	1246;1247;1248
6	33500000	36600000	292	7	6p21.31	1248;1249;1250;1251;1252
6	36600000	40500000	293	4	6p21.2	1252;1253;1254;1255;1256;1257
6	40500000	46200000	294	7	6p21.1	1257;1258;1259;1260;1261;1262;1263;1264;1265;1266
6	46200000	51800000	295	0	6p12.3	1266;1267;1268;1269;1270;1271;1272
6	51800000	52900000	296	7	6p12.2	1272;1273;1274
6	52900000	57000000	297	0	6p12.1	1274;1275;1276;1277;1278;1279;1280;1281
6	57000000	58700000	298	7	6p11.2	1281;1282;1283
6	58700000	61000000	299	5	6p11.1	1283;1284
6	61000000	63300000	300	5	6q11.1	1285;1286
6	63300000	63400000	301	7	6q11.2	1286
6	63400000	70000000	302	0	6q12	1286;1287;1288;1289;1290;1291;1292
6	70000000	75900000	303	7	6q13	1292;1293;1294;1295;1296;1297
6	75900000	83900000	304	1	6q14.1	1297;1298;1299;1300;1301;1302;1303;1304;1305
6	83900000	84900000	305	7	6q14.2	1304;1305;1306
6	84900000	88000000	306	1	6q14.3	1306;1307;1308;1309
6	88000000	93100000	307	7	6q15	1309;1310;1311;1312;1313;1314
6	93100000	99500000	308	0	6q16.1	1314;1315;1316;1317;1318;1319;1320;1321
6	99500000	100600000	309	7	6q16.2	1321;1322
6	100600000	105500000	310	0	6q16.3	1322;1323;1324;1325;1326;1327
6	105500000	114600000	311	7	6q21	1327;1328;1329;1330;1331;1332;1333;1334;1335;1336;1337;1338
6	114600000	118300000	312	2	6q22.1	1338;1339;1340;1341
6	118300000	118500000	313	7	6q22.2	1341
6	118500000	126100000	314	0	6q22.31	1341;1342;1343;1344;1345;1346;1347;1348;1349
6	126100000	127100000	315	7	6q22.32	1349;1350
6	127100000	130300000	316	2	6q22.33	1350;1351;1352;1353
6	130300000	131200000	317	7	6q23.1	1353;1354;1355
6	131200000	135200000	318	1	6q23.2	1355;1356;1357;1358
6	135200000	139000000	319	7	6q23.3	1358;1359;1360;1361;1362
6	139000000	142800000	320	2	6q24.1	1362;1363;1364;1365;1366;1367
6	142800000	145600000	321	7	6q24.2	1367;1368;1369;1370;1371
6	145600000	149000000	322	2	6q24.3	1371;1372;1373;1374;1375;1376;1377
6	149000000	152500000	323	7	6q25.1	1377;1378;1379;1380;1381;1382
6	152500000	155500000	324	1	6q25.2	1382;1383;1384
6	155500000	161000000	325	7	6q25.3	1384;1385;1386;1387;1388;1389;1390;1391
6	161000000	164500000	326	1	6q26	1391;1392;1393;1394;1395
6	164500000	171115067	327	7	6q27	1395;1396;1397;1398;1399;1400;1401;1402;1403;1404;1405;1406;1407
7	0	2800000	328	7	7p22.3	1408;1409;1410;1411;1412;1413;1414
7	2800000	4500000	329	4	7p22.2	1414
7	4500000	7300000	330	7	7p22.1	1414;1415;1416
7	7300000	13800000	331	0	7p21.3	1416;1417;1418;1419;1420;1421;1422;1423;1424;1425
7	13800000	16500000	332	7	7p21.2	1425;1426;1427
7	16500000	20900000	333	0	7p21.1	1427;1428;1429;1430;1431;1432;1433
7	20900000	25500000	334	7	7p15.3	1433;1434;1435;1436;1437;1438;1439
7	25500000	28000000	335	1	7p15.2	1439;1440;1441;1442;1443
7	28000000	28800000	336	7	7p15.1	1443;1444
7	28800000	35000000	337	2	7p14.3	1444;1445;1446;1447;1448;1449;1450;1451
7	35000000	37200000	338	7	7p14.2	1451;1452;1453;1454
7	37200000	43300000	339	2	7p14.1	1454;1455;1456;1457;1458;1459;1460
7	43300000	45400000	340	7	7p13	1460;1461;1462;1463;1464
7	45400000	49000000	341	2	7p12.3	1464;1465;1466;1467;1468;1469
7	49000000	50500000	342	7	7p12.2	1469;1470;1471
7	50500000	54000000	343	2	7p12.1	1470;1471;1472;1473
7	54000000	58000000	344	7	7p11.2	1473;1474;1475;1476;1477;1478
7	58000000	59900000	345	5	7p11.1	1478;1479
7	59900000	61700000	346	5	7q11.1	1480;1481;1482
7	61700000	67000000	347	7	7q11.21	1482;1483;1484;1485;1486;1487;1488;1489;1490
7	67000000	72200000	348	1	7q11.22	1490;1491;1492;1493;1494;1495
7	72200000	77500000	349	7	7q11.23	1495;1496;1497;1498;1499;1500;1501;1502;1503
7	77500000	86400000	350	0	7q21.11	1503;1504;1505;1506;1507;1508;1509;1510;1511;1512
7	86400000	88200000	351	7	7q21.12	1512;1513;1514
7	88200000	91100000	352	2	7q21.13	1514;1515;1516
7	91100000	92800000	353	7	7q21.2	1516;1517;1518
7	92800000	98000000	354	2	7q21.3	1518;1519;1520;1521;1522;1523
7	98000000	103800000	355	7	7q22.1	1523;1524;1525;1526;1527;1528
7	103800000	104500000	356	1	7q22.2	1528;1529
7	104500000	107400000	357	7	7q22.3	1529;1530;1531;1532;1533
7	107400000	114600000	358	2	7q31.1	1533;1534;1535;1536;1537;1538;1539;1540;1541
7	114600000	117400000	359	7	7q31.2	1541;1542;1543;1544;1545
7	117400000	121100000	360	2	7q31.31	1545;1546;1547;1548
7	121100000	123800000	361	7	7q31.32	1548;1549;1550;1551;1552;1553
7	123800000	127100000	362	2	7q31.33	1553;1554;1555;1556
7	127100000	129200000	363	7	7q32.1	1556;1557;1558;1559
7	129200000	130400000	364	4	7q32.2	1559;1560;1561;1562
7	130400000	132600000	365	7	7q32.3	1562;1563;1564;1565;1566
7	132600000	138200000	366	1	7q33	1566;1567;1568;1569;1570;1571
7	138200000	143100000	367	7	7q34	1571;1572;1573;1574;1575;1576;1577
7	143100000	147900000	368	2	7q35	1577;1578;1579;1580;1581
7	147900000	152600000	369	7	7q36.1	1581;1582;1583;1584;1585;1586;1587
7	152600000	155100000	370	4	7q36.2	1587;1588;1589;1590
7	155100000	159138663	371	7	7q36.3	1590;1591;1592;1593;1594;1595
8	0	2200000	372	7	8p23.3	1596;1597;1598
8	2200000	6200000	373	2	8p23.2	1598;1599;1600;1601;1602
8	6200000	12700000	374	7	8p23.1	1602;1603;1604;1605;1606;1607;1608;1609;1610;1611;1612;1613
8	12700000	19000000	375	0	8p22	1613;1614;1615;1616;1617;1618;1619;1620;1621;1622
8	19000000	23300000	376	7	8p21.3	1622;1623;1624;1625;1626;1627
8	23300000	27400000	377	1	8p21.2	1627;1628;1629;1630;1631;1632
8	27400000	28800000	378	7	8p21.1	1632;1633
8	28800000	36500000	379	2	8p12	1633;1634;1635;1636;1637;1638;1639;1640;1641
8	36500000	38300000	380	7	8p11.23	1641;1642;1643;1644
8	38300000	39700000	381	4	8p11.22	1644;1645
8	39700000	43100000	382	7	8p11.21	1645;1646;1647;1648;1649;1650
8	43100000	45600000	383	5	8p11.1	1650;1651
8	45600000	48100000	384	5	8q11.1	1652;1653;1654
8	48100000	52200000	385	7	8q11.21	1654;1655;1656;1657;1658
8	52200000	52600000	386	2	8q11.22	1658
8	52600000	55500000	387	7	8q11.23	1658;1659;1660;1661
8	55500000	61600000	388	1	8q12.1	1661;1662;1663;1664;1665;1666;1667;1668
8	61600000	62200000	389	7	8q12.2	1668;1669
8	62200000	66000000	390	1	8q12.3	1669;1670;1671
8	66000000	68000000	391	7	8q13.1	1671;1672;1673;1674;1675
8	68000000	70500000	392	1	8q13.2	1675;1676;1677
8	70500000	73900000	393	7	8q13.3	1677;1678;1679;1680
8	73900000	78300000	394	0	8q21.11	1680;1681;1682;1683;1684;1685
8	78300000	80100000	395	7	8q21.12	1685;1686;1687
8	80100000	84600000	396	2	8q21.13	1687;1688;1689;1690;1691;1692;1693;1694;1695
8	84600000	86900000	397	7	8q21.2	1695;1696;1697;1698;1699;1700
8	86900000	93300000	398	0	8q21.3	1699;1700;1701;1702;1703;1704;1705;1706;1707
8	93300000	99000000	399	7	8q22.1	1707;1708;1709;1710;1711;1712;1713
8	99000000	101600000	400	4	8q22.2	1713;1714;1715;1716;1717;1718
8	101600000	106200000	401	7	8q22.3	1718;1719;1720;1721;1722;1723
8	106200000	110500000	402	2	8q23.1	1723;1724;1725;1726;1727;1728
8	110500000	112100000	403	7	8q23.2	1728;1729;1730
8	112100000	117700000	404	0	8q23.3	1730;1731;1732;1733;1734
8	117700000	119200000	405	7	8q24.11	1734;1735
8	119200000	122500000	406	1	8q24.12	1735;1736;1737;1738;1739;1740
8	122500000	127300000	407	7	8q24.13	1740;1741;1742;1743;1744;1745;1746
8	127300000	131500000	408	1	8q24.21	1746;1747;1748;1749;1750;1751
8	131500000	136400000	409	7	8q24.22	1751;1752;1753;1754;1755;1756;1757
8	136400000	139900000	410	2	8q24.23	1757;1758;1759;1760;1761;1762
8	139900000	146364022	411	7	8q24.3	1762;1763;1764;1765;1766;1767;1768;1769;1770
9	0	2200000	412	7	9p24.3	1771;1772;1773;1774
9	2200000	4600000	413	4	9p24.2	1774;1775;1776
9	4600000	9000000	414	7	9p24.1	1776;1777;1778;1779;1780;1781;1782
9	9000000	14200000	415	2	9p23	1782;1783;1784;1785;1786;1787;1788
9	14200000	16600000	416	7	9p22.3	1788;1789;1790
9	16600000	18500000	417	4	9p22.2	1790;1791;1792;1793
9	18500000	19900000	418	7	9p22.1	1793;1794;1795
9	19900000	25600000	419	0	9p21.3	1795;1796;1797;1798;1799
9	25600000	28000000	420	7	9p21.2	1799;1800;1801;1802;1803
9	28000000	33200000	421	0	9p21.1	1803;1804;1805;1806;1807;1808;1809
9	33200000	36300000	422	7	9p13.3	1809;1810
9	36300000	38400000	423	4	9p13.2	1810;1811;1812;1813
9	38400000	41000000	424	7	9p13.1	1813;1814;1815;1816;1817;1818
9	41000000	43600000	425	1	9p12	1818;1819;1820
9	43600000	47300000	426	7	9p11.2	1820;1821;1822;1823;1824;1825;1826;1827
9	47300000	49000000	427	5	9p11.1	1826;1827
9	49000000	50700000	428	5	9q11	1828
9	50700000	65900000	429	3	9q12	1828;1829
9	65900000	68700000	430	7	9q13	1829;1830;1831;1832;1833
9	68700000	72200000	431	4	9q21.11	1833;1834;1835;1836;1837;1838
9	72200000	74000000	432	7	9q21.12	1838;1839;1840;1841;1842
9	74000000	79200000	433	1	9q21.13	1842;1843;1844;1845;1846
9	79200000	81100000	434	7	9q21.2	1846;1847;1848;1849
9	81100000	84100000	435	1	9q21.31	1849;1850;1851;1852
9	84100000	86900000	436	7	9q21.32	1851;1852;1853;1854;1855
9	86900000	90400000	437	1	9q21.33	1855;1856;1857;1858;1859
9	90400000	91800000	438	7	9q22.1	1859;1860;1861
9	91800000	93900000	439	4	9q22.2	1861;1862;1863;1864;1865
9	93900000	96600000	440	7	9q22.31	1865;1866;1867;1868
9	96600000	99300000	441	4	9q22.32	1868;1869;1870;1871
9	99300000	102600000	442	7	9q22.33	1871;1872;1873;1874;1875;1876
9	102600000	108200000	443	0	9q31.1	1876;1877;1878;1879;1880;1881
9	108200000	111300000	444	7	9q31.2	1881;1882;1883
9	111300000	114900000	445	4	9q31.3	1883;1884;1885;1886;1887;1888;1889
9	114900000	117700000	446	7	9q32	1889;1890;1891;1892;1893;1894;1895
9	117700000	122500000	447	2	9q33.1	1895;1896;1897;1898;1899;1900;1901
9	122500000	125800000	448	7	9q33.2	1901;1902;1903;1904;1905;1906;1907
9	125800000	130300000	449	4	9q33.3	1907;1908;1909;1910;1911;1912;1913
9	130300000	133500000	450	7	9q34.11	1913;1914;1915;1916;1917;1918
9	133500000	134000000	451	4	9q34.12	1918;1919
9	134000000	135900000	452	7	9q34.13	1919;1920;1921;1922
9	135900000	137400000	453	4	9q34.2	1921;1922;1923;1924
9	137400000	141213431	454	7	9q34.3	1924;1925;1926;1927;1928;1929;1930
10	0	3000000	455	7	10p15.3	1931;1932;1933;1934
10	3000000	3800000	456	4	10p15.2	1934;1935
10	3800000	6600000	457	7	10p15.1	1935;1936;1937
10	6600000	12200000	458	2	10p14	1937;1938;1939;1940;1941;1942;1943
10	12200000	17300000	459	7	10p13	1943;1944;1945;1946;1947;1948;1949
10	17300000	18600000	460	2	10p12.33	1949;1950;1951;1952
10	18600000	18700000	461	7	10p12.32	1951;1952
10	18700000	22600000	462	2	10p12.31	1952;1953;1954;1955;1956
10	22600000	24600000	463	7	10p12.2	1956;1957;1958;1959
10	24600000	29600000	464	1	10p12.1	1959;1960;1961;1962;1963;1964
10	29600000	31300000	465	7	10p11.23	1964;1965
10	31300000	34400000	466	4	10p11.22	1965;1966;1967
10	34400000	38000000	467	7	10p11.21	1967;1968;1969;1970;1971
10	38000000	40200000	468	5	10p11.1	1971;1972
10	40200000	42300000	469	5	10q11.1	1973;1974
10	42300000	46100000	470	7	10q11.21	1974;1975;1976;1977;1978
10	46100000	49900000	471	4	10q11.22	1978;1979;1980;1981;1982;1983;1984
10	49900000	52900000	472	7	10q11.23	1984;1985;1986;1987
10	52900000	61200000	473	0	10q21.1	1987;1988;1989;1990;1991;1992;1993;1994
10	61200000	64500000	474	7	10q21.2	1994;1995;1996;1997;1998;1999
10	64500000	70600000	475	0	10q21.3	1999;2000;2001;2002;2003;2004;2005;2006
10	70600000	74900000	476	7	10q22.1	2006;2007;2008;2009;2010;2011
10	74900000	77700000	477	1	10q22.2	2011;2012;2013;2014;2015
10	77700000	82000000	478	7	10q22.3	2015;2016;2017;2018
10	82000000	87900000	479	0	10q23.1	2018;2019;2020;2021;2022;2023
10	87900000	89500000	480	7	10q23.2	2023;2024
10	89500000	92900000	481	2	10q23.31	2024;2025;2026;2027
10	92900000	94100000	482	7	10q23.32	2027;2028;2029
10	94100000	97000000	483	1	10q23.33	2029;2030;2031;2032;2033
10	97000000	99300000	484	7	10q24.1	2033;2034;2035
10	99300000	101900000	485	1	10q24.2	2035;2036;2037
10	101900000	103000000	486	7	10q24.31	2037;2038;2039;2040
10	103000000	104900000	487	4	10q24.32	2040;2041;2042;2043
10	104900000	105800000	488	7	10q24.33	2043;2044
10	105800000	111900000	489	0	10q25.1	2044;2045;2046;2047;2048
10	111900000	114900000	490	7	10q25.2	2048;2049;2050;2051
10	114900000	119100000	491	2	10q25.3	2051;2052;2053;2054;2055;2056;2057
10	119100000	121700000	492	7	10q26.11	2057;2058;2059;2060;2061
10	121700000	123100000	493	1	10q26.12	2060;2061;2062
10	123100000	127500000	494	7	10q26.13	2062;2063;2064;2065;2066;2067
10	127500000	130600000	495	1	10q26.2	2066;2067;2068;2069
10	130600000	135534747	496	7	10q26.3	2069;2070;2071;2072;2073;2074
11	0	2800000	497	7	11p15.5	2075;2076;2077;2078;2079
11	2800000	10700000	498	1	11p15.4	2079;2080;2081;2082;2083;2084;2085;2086;2087;2088;2089
11	10700000	12700000	499	7	11p15.3	2089;2090;2091;2092
11	12700000	16200000	500	1	11p15.2	2092;2093;2094;2095;2096;2097
11	16200000	21700000	501	7	11p15.1	2097;2098;2099;2100;2101;2102;2103;2104
11	21700000	26100000	502	0	11p14.3	2104;2105;2106;2107
11	26100000	27200000	503	7	11p14.2	2107;2108;2109
11	27200000	31000000	504	2	11p14.1	2109;2110;2111;2112;2113
11	31000000	36400000	505	7	11p13	2113;2114;2115;2116;2117;2118;2119
11	36400000	43500000	506	0	11p12	2119;2120;2121;2122;2123;2124;2125
11	43500000	48800000	507	7	11p11.2	2125;2126;2127;2128;2129;2130;2131;2132;2133
11	48800000	51600000	508	2	11p11.12	2133;2134;2135;2136;2137;2138
11	51600000	53700000	509	5	11p11.11	2138;2139
11	53700000	55700000	510	5	11q11	2140;2141;2142
11	55700000	59900000	511	2	11q12.1	2142;2143;2144;2145;2146;2147
11	59900000	61700000	512	7	11q12.2	2147;2148;2149;2150
11	61700000	63400000	513	4	11q12.3	2150;2151;2152
11	63400000	65900000	514	7	11q13.1	2152;2153;2154;2155;2156
11	65900000	68400000	515	4	11q13.2	2156;2157;2158;2159;2160
11	68400000	70400000	516	7	11q13.3	2160;2161;2162;2163
11	70400000	75200000	517	1	11q13.4	2163;2164;2165;2166;2167;2168;2169;2170
11	75200000	77100000	518	7	11q13.5	2170;2171
11	77100000	85600000	519	0	11q14.1	2171;2172;2173;2174;2175;2176;2177;2178;2179;2180
11	85600000	88300000	520	7	11q14.2	2180;2181;2182;2183
11	88300000	92800000	521	0	11q14.3	2183;2184;2185;2186;2187
11	92800000	97200000	522	7	11q21	2187;2188;2189;2190;2191;2192;2193
11	97200000	102100000	523	0	11q22.1	2193;2194;2195;2196;2197;2198;2199
11	102100000	102900000	524	7	11q22.2	2199
11	102900000	110400000	525	0	11q22.3	2199;2200;2201;2202;2203;2204;2205;2206;2207;2208
11	110400000	112500000	526	7	11q23.1	2208;2209;2210;2211
11	112500000	114500000	527	1	11q23.2	2211;2212;2213;2214
11	114500000	121200000	528	7	11q23.3	2214;2215;2216;2217;2218;2219;2220;2221;2222
11	121200000	123900000	529	1	11q24.1	2222;2223;2224;2225;2226;2227
11	123900000	127800000	530	7	11q24.2	2226;2227;2228;2229;2230
11	127800000	130800000	531	1	11q24.3	2230;2231;2232;2233;2234;2235
11	130800000	135006516	532	7	11q25	2235;2236;2237;2238;2239;2240;2241;2242
12	0	3300000	533	7	12p13.33	2243;2244;2245;2246;2247
12	3300000	5400000	534	4	12p13.32	2247;2248;2249
12	5400000	10100000	535	7	12p13.31	2249;2250;2251;2252;2253
12	10100000	12800000	536	2	12p13.2	2253;2254;2255;2256;2257
12	12800000	14800000	537	7	12p13.1	2257;2258;2259;2260
12	14800000	20000000	538	0	12p12.3	2260;2261;2262;2263;2264;2265;2266;2267;2268
12	20000000	21300000	539	7	12p12.2	2268;2269
12	21300000	26500000	540	0	12p12.1	2269;2270;2271;2272;2273;2274;2275
12	26500000	27800000	541	7	12p11.23	2275;2276;2277
12	27800000	30700000	542	1	12p11.22	2277;2278;2279
12	30700000	33300000	543	7	12p11.21	2279;2280;2281;2282
12	33300000	35800000	544	5	12p11.1	2282;2283;2284
12	35800000	38200000	545	5	12q11	2285;2286
12	38200000	46400000	546	0	12q12	2286;2287;2288;2289;2290;2291;2292;2293;2294;2295
12	46400000	49100000	547	7	12q13.11	2295;2296;2297
12	49100000	51500000	548	4	12q13.12	2297;2298;2299;2300;2301
12	51500000	54900000	549	7	12q13.13	2301;2302;2303;2304;2305
12	54900000	56600000	550	4	12q13.2	2304;2305;2306;2307
12	56600000	58100000	551	7	12q13.3	2307;2308;2309;2310
12	58100000	63100000	552	2	12q14.1	2310;2311;2312;2313;2314;2315
12	63100000	65100000	553	7	12q14.2	2315;2316;2317;2318
12	65100000	67700000	554	1	12q14.3	2318;2319;2320;2321;2322
12	67700000	71500000	555	7	12q15	2322;2323;2324;2325;2326;2327;2328
12	71500000	75700000	556	2	12q21.1	2327;2328;2329;2330;2331;2332;2333;2334;2335
12	75700000	80300000	557	7	12q21.2	2335;2336;2337;2338;2339;2340
12	80300000	86700000	558	0	12q21.31	2340;2341;2342;2343;2344;2345;2346;2347
12	86700000	89000000	559	7	12q21.32	2347;2348;2349
12	89000000	92600000	560	0	12q21.33	2349;2350;2351;2352;2353
12	92600000	96200000	561	7	12q22	2353;2354;2355;2356;2357;2358;2359
12	96200000	101600000	562	2	12q23.1	2359;2360;2361;2362;2363;2364
12	101600000	103800000	563	7	12q23.2	2364;2365;2366;2367
12	103800000	109000000	564	1	12q23.3	2367;2368;2369;2370;2371;2372;2373
12	109000000	111700000	565	7	12q24.11	2373;2374;2375;2376
12	111700000	112300000	566	4	12q24.12	2376;2377
12	112300000	114300000	567	7	12q24.13	2377;2378;2379
12	114300000	116800000	568	1	12q24.21	2379;2380;2381;2382
12	116800000	118100000	569	7	12q24.22	2382;2383;2384
12	118100000	120700000	570	1	12q24.23	2384;2385;2386;2387
12	120700000	125900000	571	7	12q24.31	2386;2387;2388;2389;2390;2391;2392;2393;2394
12	125900000	129300000	572	1	12q24.32	2394;2395;2396
12	129300000	133851895	573	7	12q24.33	2396;2397;2398;2399;2400;2401;2402
13	0	4500000	574	3	13p13	2403
13	4500000	10000000	575	6	13p12	2403
13	10000000	16300000	576	3	13p11.2	2403
13	16300000	17900000	577	5	13p11.1	2403
13	17900000	19500000	578	5	13q11	2404;2405
13	19500000	23300000	579	7	13q12.11	2405;2406;2407;2408
13	23300000	25500000	580	4	13q12.12	2408;2409;2410;2411
13	25500000	27800000	581	7	13q12.13	2411;2412;2413;2414
13	27800000	28900000	582	4	13q12.2	2414;2415;2416
13	28900000	32200000	583	7	13q12.3	2416;2417;2418;2419;2420;2421
13	32200000	34000000	584	1	13q13.1	2421;2422;2423
13	34000000	35500000	585	7	13q13.2	2423;2424
13	35500000	40100000	586	2	13q13.3	2424;2425;2426;2427;2428;2429
13	40100000	45200000	587	7	13q14.11	2429;2430;2431;2432;2433;2434
13	45200000	45800000	588	4	13q14.12	2434;2435
13	45800000	47300000	589	7	13q14.13	2435;2436;2437
13	47300000	50900000	590	1	13q14.2	2437;2438;2439;2440;2441
13	50900000	55300000	591	7	13q14.3	2441;2442;2443;2444
13	55300000	59600000	592	0	13q21.1	2444;2445;2446;2447
13	59600000	62300000	593	7	13q21.2	2447;2448;2449;2450;2451
13	62300000	65700000	594	2	13q21.31	2451;2452;2453;2454;2455
13	65700000	68600000	595	7	13q21.32	2455;2456;2457
13	68600000	73300000	596	0	13q21.33	2457;2458;2459;2460
13	73300000	75400000	597	7	13q22.1	2460;2461;2462;2463
13	75400000	77200000	598	1	13q22.2	2463;2464
13	77200000	79000000	599	7	13q22.3	2464;2465;2466;2467
13	79000000	87700000	600	0	13q31.1	2467;2468;2469;2470;2471;2472;2473;2474;2475;2476;2477
13	87700000	90000000	601	7	13q31.2	2476;2477;2478;2479;2480
13	90000000	95000000	602	0	13q31.3	2480;2481;2482;2483
13	95000000	98200000	603	7	13q32.1	2483;2484;2485;2486;2487
13	98200000	99300000	604	4	13q32.2	2487;2488;2489
13	99300000	101700000	605	7	13q32.3	2489;2490;2491;2492
13	101700000	104800000	606	0	13q33.1	2492;2493;2494;2495;2496
13	104800000	107000000	607	7	13q33.2	2496;2497;2498;2499
13	107000000	110300000	608	0	13q33.3	2499;2500;2501;2502;2503
13	110300000	115169878	609	7	13q34	2503;2504;2505;2506;2507;2508;2509;2510
14	0	3700000	610	3	14p13	2511
14	3700000	8100000	611	6	14p12	2511
14	8100000	16100000	612	3	14p11.2	2511
14	16100000	17600000	613	5	14p11.1	2511
14	17600000	19100000	614	5	14q11.1	2512;2513
14	19100000	24600000	615	7	14q11.2	2513;2514;2515;2516;2517;2518;2519;2520
14	24600000	33300000	616	0	14q12	2520;2521;2522;2523;2524;2525;2526;2527;2528
14	33300000	35300000	617	7	14q13.1	2528;2529;2530
14	35300000	36600000	618	1	14q13.2	2530;2531;2532
14	36600000	37800000	619	7	14q13.3	2532;2533;2534
14	37800000	43500000	620	0	14q21.1	2534;2535;2536;2537;2538
14	43500000	47200000	621	7	14q21.2	2538;2539;2540;2541;2542;2543
14	47200000	50900000	622	0	14q21.3	2543;2544;2545;2546;2547
14	50900000	54100000	623	7	14q22.1	2547;2548;2549;2550;2551;2552
14	54100000	55500000	624	4	14q22.2	2552;2553;2554
14	55500000	58100000	625	7	14q22.3	2553;2554;2555;2556;2557
14	58100000	62100000	626	2	14q23.1	2557;2558;2559;2560;2561;2562
14	62100000	64800000	627	7	14q23.2	2562;2563;2564;2565
14	64800000	67900000	628	1	14q23.3	2565;2566;2567;2568
14	67900000	70200000	629	7	14q24.1	2567;2568;2569;2570;2571
14	70200000	73800000	630	1	14q24.2	2570;2571;2572;2573;2574;2575;2576
14	73800000	79300000	631	7	14q24.3	2576;2577;2578;2579;2580;2581;2582;2583;2584;2585;2586;2587
14	79300000	83600000	632	0	14q31.1	2586;2587;2588;2589;2590;2591;2592
14	83600000	84900000	633	7	14q31.2	2592;2593;2594;2595
14	84900000	89800000	634	0	14q31.3	2594;2595;2596;2597;2598;2599
14	89800000	91900000	635	7	14q32.11	2599;2600;2601;2602
14	91900000	94700000	636	4	14q32.12	2601;2602;2603;2604;2605;2606;2607
14	94700000	96300000	637	7	14q32.13	2607;2608
14	96300000	101400000	638	1	14q32.2	2608;2609;2610;2611;2612;2613;2614
14	101400000	103200000	639	7	14q32.31	2614;2615;2616
14	103200000	104000000	640	1	14q32.32	2616;2617;2618
14	104000000	107349540	641	7	14q32.33	2617;2618;2619;2620;2621;2622;2623
15	0	3900000	642	3	15p13	2624
15	3900000	8700000	643	6	15p12	2624
15	8700000	15800000	644	3	15p11.2	2624
15	15800000	19000000	645	5	15p11.1	2624
15	19000000	20700000	646	5	15q11.1	2625;2626;2627
15	20700000	25700000	647	7	15q11.2	2627;2628;2629;2630;2631;2632
15	25700000	28100000	648	1	15q12	2632;2633;2634
15	28100000	30300000	649	7	15q13.1	2634;2635;2636;2637
15	30300000	31200000	650	1	15q13.2	2637;2638
15	31200000	33600000	651	7	15q13.3	2638;2639;2640;2641;2642
15	33600000	40100000	652	2	15q14	2642;2643;2644;2645;2646;2647;2648;2649
15	40100000	42800000	653	7	15q15.1	2649;2650;2651;2652;2653
15	42800000	43600000	654	4	15q15.2	2653;2654
15	43600000	44800000	655	7	15q15.3	2654;2655
15	44800000	49500000	656	2	15q21.1	2655;2656;2657;2658;2659;2660
15	49500000	52900000	657	7	15q21.2	2660;2661;2662;2663
15	52900000	59100000	658	2	15q21.3	2663;2664;2665;2666;2667;2668;2669
15	59100000	59300000	659	7	15q22.1	2669;2670
15	59300000	63700000	660	4	15q22.2	2670;2671;2672;2673;2674;2675;2676
15	63700000	67200000	661	7	15q22.31	2676;2677;2678;2679;2680
15	67200000	67300000	662	4	15q22.32	2680
15	67300000	67500000	663	7	15q22.33	2680
15	67500000	72700000	664	4	15q23	2680;2681;2682;2683;2684;2685;2686;2687;2688;2689
15	72700000	75200000	665	7	15q24.1	2689;2690;2691;2692;2693
15	75200000	76600000	666	4	15q24.2	2693;2694
15	76600000	78300000	667	7	15q24.3	2694;2695;2696
15	78300000	81700000	668	1	15q25.1	2696;2697;2698;2699;2700
15	81700000	85200000	669	7	15q25.2	2700;2701;2702;2703;2704
15	85200000	89100000	670	1	15q25.3	2704;2705;2706;2707;2708
15	89100000	94300000	671	7	15q26.1	2707;2708;2709;2710;2711;2712;2713
15	94300000	98500000	672	1	15q26.2	2713;2714;2715;2716
15	98500000	102531392	673	7	15q26.3	2716;2717;2718;2719;2720;2721;2722;2723
16	0	7900000	674	7	16p13.3	2724;2725;2726;2727;2728;2729;2730;2731;2732;2733;2734
16	7900000	10500000	675	1	16p13.2	2734;2735;2736;2737
16	10500000	12600000	676	7	16p13.13	2737;2738;2739;2740;2741
16	12600000	14800000	677	1	16p13.12	2741;2742;2743;2744
16	14800000	16800000	678	7	16p13.11	2744;2745;2746;2747;2748
16	16800000	21200000	679	1	16p12.3	2748;2749;2750;2751;2752;2753;2754
16	21200000	24200000	680	7	16p12.2	2754;2755;2756;2757;2758;2759
16	24200000	28100000	681	1	16p12.1	2759;2760;2761;2762;2763
16	28100000	34600000	682	7	16p11.2	2763;2764;2765;2766;2767;2768;2769;2770;2771;2772;2773
16	34600000	36600000	683	5	16p11.1	2773;2774
16	36600000	38600000	684	5	16q11.1	2775
16	38600000	47000000	685	3	16q11.2	2775;2776
16	47000000	52600000	686	7	16q12.1	2776;2777;2778;2779;2780;2781;2782
16	52600000	56700000	687	1	16q12.2	2782;2783;2784;2785;2786
16	56700000	57400000	688	7	16q13	2786
16	57400000	66700000	689	0	16q21	2786;2787;2788;2789;2790;2791;2792;2793;2794;2795
16	66700000	70800000	690	7	16q22.1	2795;2796;2797;2798;2799;2800;2801;2802
16	70800000	72900000	691	1	16q22.2	2802;2803
16	72900000	74100000	692	7	16q22.3	2803
16	74100000	79200000	693	2	16q23.1	2803;2804;2805;2806;2807;2808
16	79200000	81700000	694	7	16q23.2	2808;2809
16	81700000	84200000	695	1	16q23.3	2809;2810;2811
16	84200000	87100000	696	7	16q24.1	2811;2812;2813;2814;2815;2816
16	87100000	88700000	697	4	16q24.2	2816;2817;2818
16	88700000	90354753	698	7	16q24.3	2818;2819;2820
17	0	3300000	699	7	17p13.3	2821;2822;2823;2824;2825;2826;2827
17	3300000	6500000	700	1	17p13.2	2827;2828;2829;2830
17	6500000	10700000	701	7	17p13.1	2829;2830;2831;2832;2833;2834;2835;2836;2837
17	10700000	16000000	702	2	17p12	2837;2838;2839;2840;2841;2842
17	16000000	22200000	703	7	17p11.2	2842;2843;2844;2845;2846;2847;2848;2849;2850
17	22200000	24000000	704	5	17p11.1	2850;2851
17	24000000	25800000	705	5	17q11.1	2852;2853
17	25800000	31800000	706	7	17q11.2	2853;2854;2855;2856;2857;2858;2859;2860;2861;2862
17	31800000	38100000	707	1	17q12	2862;2863;2864;2865;2866;2867;2868;2869
17	38100000	38400000	708	7	17q21.1	2869
17	38400000	40900000	709	4	17q21.2	2869;2870;2871
17	40900000	44900000	710	7	17q21.31	2871;2872;2873;2874;2875
17	44900000	47400000	711	4	17q21.32	2875;2876;2877;2878
17	47400000	50200000	712	7	17q21.33	2877;2878;2879;2880;2881
17	50200000	57600000	713	2	17q22	2881;2882;2883;2884;2885;2886;2887;2888;2889;2890;2891
17	57600000	58300000	714	7	17q23.1	2891;2892
17	58300000	61100000	715	2	17q23.2	2892;2893;2894;2895
17	61100000	62600000	716	7	17q23.3	2895;2896
17	62600000	64200000	717	1	17q24.1	2896;2897;2898
17	64200000	67100000	718	7	17q24.2	2898;2899;2900;2901;2902
17	67100000	70900000	719	2	17q24.3	2902;2903;2904;2905;2906
17	70900000	74800000	720	7	17q25.1	2906;2907;2908;2909;2910;2911
17	74800000	75300000	721	4	17q25.2	2911;2912
17	75300000	81195210	722	7	17q25.3	2912;2913;2914;2915;2916;2917;2918;2919;2920;2921;2922;2923
18	0	2900000	723	7	18p11.32	2924;2925;2926;2927
18	2900000	7100000	724	1	18p11.31	2927;2928;2929;2930;2931
18	7100000	8500000	725	7	18p11.23	2931;2932
18	8500000	10900000	726	4	18p11.22	2932;2933;2934;2935;2936
18	10900000	15400000	727	7	18p11.21	2936;2937;2938;2939;2940;2941;2942;2943
18	15400000	17200000	728	5	18p11.1	2943;2944;2945
18	17200000	19000000	729	5	18q11.1	2946;2947
18	19000000	25000000	730	7	18q11.2	2947;2948;2949;2950;2951;2952;2953
18	25000000	32700000	731	0	18q12.1	2953;2954;2955;2956;2957;2958;2959;2960;2961;2962;2963;2964
18	32700000	37200000	732	7	18q12.2	2964;2965;2966;2967;2968;2969
18	37200000	43500000	733	2	18q12.3	2969;2970;2971;2972;2973
18	43500000	48200000	734	7	18q21.1	2973;2974;2975;2976;2977;2978;2979;2980
18	48200000	53800000	735	2	18q21.2	2980;2981;2982;2983;2984;2985;2986;2987
18	53800000	56200000	736	7	18q21.31	2987;2988;2989;2990
18	56200000	59000000	737	1	18q21.32	2990;2991;2992;2993;2994
18	59000000	61600000	738	7	18q21.33	2994;2995;2996;2997;2998
18	61600000	66800000	739	0	18q22.1	2998;2999;3000;3001;3002;3003
18	66800000	68700000	740	7	18q22.2	3003;3004;3005
18	68700000	73100000	741	4	18q22.3	3005;3006;3007
18	73100000	78077248	742	7	18q23	3007;3008;3009;3010;3011;3012;3013
19	0	6900000	743	7	19p13.3	3014;3015;3016;3017;3018;3019;3020;3021;3022;3023
19	6900000	13900000	744	4	19p13.2	3023;3024;3025;3026;3027;3028;3029
19	13900000	14000000	745	7	19p13.13	3028;3029
19	14000000	16300000	746	4	19p13.12	3029;3030;3031;3032;3033
19	16300000	20000000	747	7	19p13.11	3032;3033;3034;3035;3036;3037
19	20000000	24400000	748	3	19p12	3037;3038;3039;3040
19	24400000	26500000	749	5	19p11	3040;3041
19	26500000	28600000	750	5	19q11	3042;3043;3044
19	28600000	32400000	751	3	19q12	3044;3045;3046;3047
19	32400000	35500000	752	7	19q13.11	3047;3048;3049;3050
19	35500000	38300000	753	4	19q13.12	3050;3051;3052
19	38300000	38700000	754	7	19q13.13	3052;3053
19	38700000	43400000	755	4	19q13.2	3053;3054;3055;3056;3057;3058
19	43400000	45200000	756	7	19q13.31	3058;3059
19	45200000	48000000	757	4	19q13.32	3058;3059;3060;3061;3062;3063
19	48000000	51400000	758	7	19q13.33	3063;3064;3065;3066;3067
19	51400000	53600000	759	4	19q13.41	3067;3068;3069;3070
19	53600000	56300000	760	7	19q13.42	3070;3071;3072
19	56300000	59128983	761	4	19q13.43	3072;3073;3074;3075
20	0	5100000	762	7	20p13	3076;3077;3078;3079;3080;3081
20	5100000	9200000	763	2	20p12.3	3081;3082;3083;3084;3085;3086
20	9200000	12100000	764	7	20p12.2	3086;3087;3088;3089
20	12100000	17900000	765	2	20p12.1	3089;3090;3091;3092;3093;3094;3095
20	17900000	21300000	766	7	20p11.23	3095;3096;3097;3098;3099;3100
20	21300000	22300000	767	4	20p11.22	3100;3101;3102
20	22300000	25600000	768	7	20p11.21	3101;3102;3103;3104;3105
20	25600000	27500000	769	5	20p11.1	3105;3106
20	27500000	29400000	770	5	20q11.1	3107
20	29400000	32100000	771	7	20q11.21	3107;3108;3109;3110
20	32100000	34400000	772	4	20q11.22	3110;3111;3112;3113;3114;3115
20	34400000	37600000	773	7	20q11.23	3115;3116;3117;3118;3119;3120
20	37600000	41700000	774	2	20q12	3120;3121;3122
20	41700000	42100000	775	7	20q13.11	3122;3123
20	42100000	46400000	776	4	20q13.12	3122;3123;3124;3125;3126;3127;3128;3129;3130
20	46400000	49800000	777	7	20q13.13	3130;3131;3132;3133;3134;3135
20	49800000	55000000	778	2	20q13.2	3135;3136;3137;3138;3139;3140;3141
20	55000000	56500000	779	7	20q13.31	3141;3142
20	56500000	58400000	780	1	20q13.32	3142;3143;3144;3145
20	58400000	63025520	781	7	20q13.33	3145;3146;3147;3148;3149
21	0	2800000	782	3	21p13	3150
21	2800000	6800000	783	6	21p12	3150
21	6800000	10900000	784	3	21p11.2	3150;3151;3152;3153
21	10900000	13200000	785	5	21p11.1	3153;3154
21	13200000	14300000	786	5	21q11.1	3155;3156
21	14300000	16400000	787	7	21q11.2	3155;3156;3157
21	16400000	24000000	788	0	21q21.1	3157;3158;3159;3160;3161;3162;3163;3164
21	24000000	26800000	789	7	21q21.2	3164;3165;3166
21	26800000	31500000	790	2	21q21.3	3166;3167;3168;3169;3170;3171;3172;3173;3174
21	31500000	35800000	791	7	21q22.11	3174;3175;3176;3177;3178;3179;3180
21	35800000	37800000	792	1	21q22.12	3179;3180;3181
21	37800000	39700000	793	7	21q22.13	3181;3182;3183;3184
21	39700000	42600000	794	1	21q22.2	3184;3185;3186;3187;3188
21	42600000	48129895	795	7	21q22.3	3188;3189;3190;3191;3192;3193;3194;3195;3196
22	0	3800000	796	3	22p13	3197
22	3800000	8300000	797	6	22p12	3197
22	8300000	12200000	798	3	22p11.2	3197
22	12200000	14700000	799	5	22p11.1	3197
22	14700000	17900000	800	5	22q11.1	3198;3199;3200
22	17900000	22200000	801	7	22q11.21	3200;3201;3202;3203;3204
22	22200000	23500000	802	4	22q11.22	3204;3205;3206
22	23500000	25900000	803	7	22q11.23	3206;3207;3208;3209
22	25900000	29600000	804	1	22q12.1	3209;3210;3211;3212;3213;3214
22	29600000	32200000	805	7	22q12.2	3214;3215;3216;3217
22	32200000	37600000	806	1	22q12.3	3217;3218;3219;3220;3221;3222;3223;3224;3225
22	37600000	41000000	807	7	22q13.1	3224;3225;3226;3227;3228;3229;3230;3231
22	41000000	44200000	808	1	22q13.2	3231;3232;3233;3234;3235;3236
22	44200000	48400000	809	7	22q13.31	3236;3237;3238;3239;3240;3241
22	48400000	49400000	810	1	22q13.32	3241;3242
22	49400000	51304566	811	7	22q13.33	3242;3243;3244;3245;3246
23	0	4300000	812	7	Xp22.33	3308;3309;3310;3311;3312;3313;3314
23	4300000	6000000	813	1	Xp22.32	3314;3315;3316
23	6000000	9500000	814	7	Xp22.31	3316;3317;3318;3319;3320
23	9500000	17100000	815	1	Xp22.2	3320;3321;3322;3323;3324;3325;3326;3327
23	17100000	19300000	816	7	Xp22.13	3327;3328;3329
23	19300000	21900000	817	1	Xp22.12	3329;3330;3331
23	21900000	24900000	818	7	Xp22.11	3331;3332;3333
23	24900000	29300000	819	0	Xp21.3	3333;3334;3335;3336;3337;3338;3339
23	29300000	31500000	820	7	Xp21.2	3339;3340;3341
23	31500000	37600000	821	0	Xp21.1	3341;3342;3343;3344;3345;3346;3347
23	37600000	42400000	822	7	Xp11.4	3347;3348;3349;3350;3351
23	42400000	46400000	823	2	Xp11.3	3351;3352;3353;3354
23	46400000	49800000	824	7	Xp11.23	3353;3354;3355;3356;3357;3358;3359
23	49800000	54800000	825	4	Xp11.22	3359;3360;3361;3362;3363;3364;3365
23	54800000	58100000	826	7	Xp11.21	3365;3366;3367;3368
23	58100000	60600000	827	5	Xp11.1	3368;3369
23	60600000	63000000	828	5	Xq11.1	3370;3371
23	63000000	64600000	829	7	Xq11.2	3371;3372;3373
23	64600000	67800000	830	1	Xq12	3373;3374;3375;3376;3377;3378
23	67800000	71800000	831	7	Xq13.1	3378;3379;3380;3381;3382
23	71800000	73900000	832	1	Xq13.2	3382;3383;3384;3385
23	73900000	76000000	833	7	Xq13.3	3385;3386;3387
23	76000000	84600000	834	0	Xq21.1	3387;3388;3389;3390;3391;3392;3393;3394;3395
23	84600000	86200000	835	7	Xq21.2	3395;3396;3397
23	86200000	91800000	836	0	Xq21.31	3397;3398;3399;3400;3401;3402
23	91800000	93500000	837	7	Xq21.32	3402;3403;3404;3405
23	93500000	98300000	838	2	Xq21.33	3404;3405;3406;3407;3408;3409;3410;3411;3412
23	98300000	102600000	839	7	Xq22.1	3412;3413;3414;3415;3416;3417
23	102600000	103700000	840	1	Xq22.2	3417;3418;3419
23	103700000	108700000	841	7	Xq22.3	3419;3420;3421;3422;3423;3424;3425
23	108700000	116500000	842	2	Xq23	3425;3426;3427;3428;3429;3430;3431;3432
23	116500000	120900000	843	7	Xq24	3432;3433;3434;3435;3436;3437
23	120900000	128700000	844	0	Xq25	3437;3438;3439;3440;3441;3442;3443
23	128700000	130400000	845	7	Xq26.1	3443;3444;3445
23	130400000	133600000	846	4	Xq26.2	3445;3446;3447;3448;3449;3450
23	133600000	138000000	847	7	Xq26.3	3450;3451;3452;3453;3454;3455
23	138000000	140300000	848	2	Xq27.1	3455;3456;3457;3458
23	140300000	142100000	849	7	Xq27.2	3458;3459;3460;3461;3462
23	142100000	147100000	850	0	Xq27.3	3462;3463;3464;3465;3466
23	147100000	155270560	851	7	Xq28	3466;3467;3468;3469;3470;3471;3472;3473;3474
24	0	2500000	852	7	Yp11.32	3475
24	2500000	3000000	853	1	Yp11.31	3475;3476
24	3000000	11600000	854	7	Yp11.2	3476;3477
24	11600000	12500000	855	5	Yp11.1	3477;3478
24	12500000	13400000	856	5	Yq11.1	3479;3480
24	13400000	15100000	857	7	Yq11.21	3480;3481
24	15100000	19800000	858	1	Yq11.221	3481;3482
24	19800000	22100000	859	7	Yq11.222	3482;3483
24	22100000	26200000	860	1	Yq11.223	3483;3484
24	26200000	28800000	861	7	Yq11.23	3484;3485
24	28800000	59373566	862	3	Yq12	3485;3486
25	0	35477943	863	7	hs37d5	3487;3488;3489;3490;3491;3492;3493;3494;3495;3496;3497;3498;3499;3500;3501;3502;3503;3504;3505;3506;3507;3508;3509;3510;3511;3512;3513;3514;3515;3516;3517;3518;3519;3520;3521;3522;3523;3524;3525;3526;3527;3528;3529;3530;3531;3532;3533;3534;3535;3536;3537;3538;3539;3540;3541;3542;3543;3544;3545;3546;3547;3548;3549;3550;3551;3552;3553;3554;3555;3556;3557;3558;3559;3560;3561;3562;3563;3564;3565;3566;3567;3568;3569;3570;3571;3572;3573;3574;3575;3576;3577;3578;3579;3580;3581;3582;3583;3584;3585;3586;3587;3588;3589;3590;3591;3592;3593;3594;3595;3596;3597;3598;3599;3600;3601;3602;3603;3604;3605;3606;3607;3608;3609;3610;3611;3612;3613;3614;3615;3616;3617;3618;3619;3620;3621;3622;3623;3624;3625;3626;3627;3628;3629;3630;3631;3632;3633;3634;3635;3636;3637;3638;3639;3640;3641;3642;3643;3644;3645;3646;3647;3648;3649;3650;3651;3652;3653;3654;3655;3656;3657;3658;3659;3660;3661;3662;3663;3664;3665;3666;3667;3668;3669;3670;3671;3672;3673;3674;3675;3676;3677;3678;3679;3680;3681;3682;3683;3684;3685;3686;3687;3688;3689;3690;3691;3692;3693;3694;3695;3696;3697;3698;3699;3700;3701;3702;3703;3704;3705;3706;3707;3708;3709;3710;3711;3712;3713;3714;3715;3716;3717;3718;3719;3720;3721;3722;3723;3724;3725;3726;3727;3728;3729;3730;3731;3732;3733;3734;3735;3736;3737;3738;3739;3740;3741;3742;3743;3744;3745;3746;3747;3748;3749;3750;3751;3752;3753;3754;3755;3756;3757;3758;3759;3760;3761;3762;3763;3764;3765;3766;3767;3768;3769;3770;3771;3772;3773;3774;3775;3776;3777;3778;3779;3780;3781;3782;3783;3784;3785;3786;3787;3788;3789;3790;3791;3792;3793;3794;3795;3796;3797;3798;3799;3800;3801;3802;3803;3804;3805;3806;3807;3808;3809;3810;3811;3812;3813;3814;3815;3816;3817;3818;3819;3820;3821;3822;3823;3824;3825;3826;3827;3828;3829;3830;3831;3832;3833;3834;3835;3836;3837;3838;3839;3840;3841;3842;3843;3844;3845;3846;3847;3848;3849;3850;3851;3852;3853;3854;3855;3856;3857;3858;3859;3860;3861;3862;3863;3864;3865;3866;3867;3868;3869;3870;3871;3872;3873;3874;3875;3876;3877;3878;3879;3880;3881;3882;3883;3884;3885;3886;3887;3888;3889;3890;3891;3892;3893;3894;3895;3896;3897;3898;3899;3900;3901;3902;3903;3904;3905;3906;3907;3908;3909;3910;3911;3912;3913;3914;3915;3916;3917;3918;3919;3920;3921;3922;3923;3924;3925;3926;3927;3928;3929;3930;3931;3932;3933;3934;3935;3936;3937;3938;3939;3940;3941;3942;3943;3944;3945;3946;3947;3948;3949;3950;3951;3952;3953;3954;3955;3956;3957;3958;3959;3960;3961;3962;3963;3964;3965;3966;3967;3968;3969;3970;3971;3972;3973;3974;3975;3976;3977;3978;3979;3980;3981;3982;3983;3984;3985;3986;3987;3988;3989;3990;3991;3992;3993;3994;3995;3996;3997;3998;3999;4000;4001;4002;4003;4004;4005;4006;4007;4008;4009;4010;4011;4012;4013;4014;4015;4016;4017;4018;4019;4020;4021;4022;4023;4024;4025;4026;4027;4028;4029;4030;4031;4032;4033;4034;4035;4036;4037;4038;4039;4040;4041;4042;4043;4044;4045;4046;4047;4048;4049;4050;4051;4052;4053;4054;4055;4056;4057;4058;4059;4060;4061;4062;4063;4064;4065;4066;4067;4068;4069;4070;4071;4072;4073;4074;4075;4076;4077;4078;4079;4080;4081;4082;4083;4084;4085;4086;4087;4088;4089;4090;4091;4092;4093;4094;4095;4096;4097;4098;4099;4100;4101;4102;4103;4104;4105;4106;4107;4108;4109;4110;4111;4112;4113;4114;4115;4116;4117;4118;4119;4120;4121;4122;4123;4124;4125;4126;4127;4128;4129;4130;4131;4132;4133;4134;4135;4136;4137;4138;4139;4140;4141;4142;4143;4144;4145;4146;4147;4148;4149;4150;4151;4152;4153;4154;4155;4156;4157;4158;4159;4160;4161;4162;4163;4164;4165;4166;4167;4168;4169;4170;4171;4172;4173;4174;4175;4176;4177;4178;4179;4180;4181;4182;4183;4184;4185;4186;4187;4188;4189;4190;4191;4192;4193;4194;4195;4196;4197;4198;4199;4200;4201;4202;4203;4204;4205;4206;4207;4208;4209;4210;4211;4212;4213;4214;4215;4216;4217;4218;4219;4220;4221;4222;4223;4224;4225;4226;4227;4228;4229;4230;4231;4232;4233;4234;4235;4236;4237;4238;4239;4240;4241;4242;4243;4244;4245;4246;4247;4248;4249;4250;4251;4252;4253;4254;4255;4256;4257;4258;4259;4260;4261;4262;4263;4264;4265;4266;4267;4268;4269;4270;4271;4272;4273;4274;4275;4276;4277;4278;4279;4280;4281;4282;4283;4284;4285;4286;4287;4288;4289;4290;4291;4292;4293;4294;4295;4296;4297;4298;4299;4300;4301;4302;4303;4304;4305;4306;4307;4308;4309;4310;4311;4312;4313;4314;4315;4316;4317;4318;4319;4320;4321;4322;4323;4324;4325;4326;4327;4328;4329;4330;4331;4332;4333;4334;4335;4336;4337;4338;4339;4340;4341;4342;4343;4344;4345;4346;4347;4348;4349;4350;4351;4352;4353;4354;4355;4356;4357;4358;4359;4360;4361;4362;4363;4364;4365;4366;4367;4368;4369;4370;4371;4372;4373;4374;4375;4376;4377;4378;4379;4380;4381;4382;4383;4384;4385;4386;4387;4388;4389;4390;4391;4392;4393;4394;4395;4396;4397;4398;4399;4400;4401;4402;4403;4404;4405;4406;4407;4408;4409;4410;4411;4412;4413;4414;4415;4416;4417;4418;4419;4420;4421;4422;4423;4424;4425;4426;4427;4428;4429;4430;4431;4432;4433;4434;4435;4436;4437;4438;4439;4440;4441;4442;4443;4444;4445;4446;4447;4448;4449;4450;4451;4452;4453;4454;4455;4456;4457;4458;4459;4460;4461;4462;4463;4464;4465;4466;4467;4468;4469;4470;4471;4472;4473;4474;4475;4476;4477;4478;4479;4480;4481;4482;4483;4484;4485;4486;4487;4488;4489;4490;4491;4492;4493;4494;4495;4496;4497;4498;4499;4500;4501;4502;4503;4504;4505;4506;4507;4508;4509;4510;4511;4512;4513;4514;4515;4516;4517;4518;4519;4520;4521;4522;4523;4524;4525;4526;4527;4528;4529;4530;4531;4532;4533;4534;4535;4536;4537;4538;4539;4540;4541;4542;4543;4544;4545;4546;4547;4548;4549;4550;4551;4552;4553;4554;4555;4556;4557;4558;4559;4560;4561;4562;4563;4564;4565;4566;4567;4568;4569;4570;4571;4572;4573;4574;4575;4576;4577;4578;4579;4580;4581;4582;4583;4584;4585;4586;4587;4588;4589;4590;4591;4592;4593;4594;4595;4596;4597;4598;4599;4600;4601;4602;4603;4604;4605;4606;4607;4608;4609;4610;4611;4612;4613;4614;4615;4616;4617;4618;4619;4620;4621;4622;4623;4624;4625;4626;4627;4628;4629;4630;4631;4632;4633;4634;4635;4636;4637;4638;4639;4640;4641;4642;4643;4644;4645;4646;4647;4648;4649;4650;4651;4652;4653;4654;4655;4656;4657;4658;4659;4660;4661;4662;4663;4664;4665;4666;4667;4668;4669;4670;4671;4672;4673;4674;4675;4676;4677;4678;4679;4680;4681;4682;4683;4684;4685;4686;4687;4688;4689;4690;4691;4692;4693;4694;4695;4696;4697;4698;4699;4700;4701;4702;4703;4704;4705;4706;4707;4708;4709;4710;4711;4712;4713;4714;4715;4716;4717;4718;4719;4720;4721;4722;4723;4724;4725;4726;4727;4728;4729;4730;4731;4732;4733;4734;4735;4736;4737;4738;4739;4740;4741;4742;4743;4744;4745;4746;4747;4748;4749;4750;4751;4752;4753;4754;4755;4756;4757;4758;4759;4760;4761;4762;4763;4764;4765;4766;4767;4768;4769;4770;4771;4772;4773;4774;4775;4776;4777;4778;4779;4780;4781;4782;4783;4784;4785;4786;4787;4788;4789;4790;4791;4792;4793;4794;4795;4796;4797;4798;4799;4800;4801;4802;4803;4804;4805;4806;4807;4808;4809;4810;4811;4812;4813;4814;4815;4816;4817;4818;4819;4820;4821;4822;4823;4824;4825;4826;4827;4828;4829;4830;4831;4832;4833;4834;4835;4836;4837;4838;4839;4840;4841;4842;4843;4844;4845;4846;4847;4848;4849;4850;4851;4852;4853;4854;4855;4856;4857;4858;4859;4860;4861;4862;4863;4864;4865;4866;4867;4868;4869;4870;4871;4872;4873;4874;4875;4876;4877;4878;4879;4880;4881;4882;4883;4884;4885;4886;4887;4888;4889;4890;4891;4892;4893;4894;4895;4896;4897;4898;4899;4900;4901;4902;4903;4904;4905;4906;4907;4908;4909;4910;4911;4912;4913;4914;4915;4916;4917;4918;4919;4920;4921;4922;4923;4924;4925;4926;4927;4928;4929;4930;4931;4932;4933;4934;4935;4936;4937;4938;4939;4940;4941;4942;4943;4944;4945;4946;4947;4948;4949;4950;4951;4952;4953;4954;4955;4956;4957;4958;4959;4960;4961;4962;4963;4964;4965;4966;4967;4968;4969;4970;4971;4972;4973;4974;4975;4976;4977;4978;4979;4980;4981;4982;4983;4984;4985;4986;4987;4988;4989;4990;4991;4992;4993;4994;4995;4996;4997;4998;4999;5000;5001;5002;5003;5004;5005;5006;5007;5008;5009;5010;5011;5012;5013;5014;5015;5016;5017;5018;5019;5020;5021;5022;5023;5024;5025;5026;5027;5028;5029;5030;5031;5032;5033;5034;5035;5036;5037;5038;5039;5040;5041;5042;5043;5044;5045;5046;5047;5048;5049;5050;5051;5052;5053;5054;5055;5056;5057;5058;5059;5060;5061;5062;5063;5064;5065;5066;5067;5068;5069;5070;5071;5072;5073;5074;5075;5076;5077;5078;5079;5080;5081;5082;5083;5084;5085;5086;5087;5088;5089;5090;5091;5092;5093;5094;5095;5096;5097;5098;5099;5100;5101;5102;5103;5104;5105;5106;5107;5108;5109;5110;5111;5112;5113;5114;5115;5116;5117;5118;5119;5120;5121;5122;5123;5124;5125;5126;5127;5128;5129;5130;5131;5132;5133;5134;5135;5136;5137;5138;5139;5140;5141;5142;5143;5144;5145;5146;5147;5148;5149;5150;5151;5152;5153;5154;5155;5156;5157;5158;5159;5160;5161;5162;5163;5164;5165;5166;5167;5168;5169;5170;5171;5172;5173;5174;5175;5176;5177;5178;5179;5180;5181;5182;5183;5184;5185;5186;5187;5188;5189;5190;5191;5192;5193;5194;5195;5196;5197;5198;5199;5200;5201;5202;5203;5204;5205;5206;5207;5208;5209;5210;5211;5212;5213;5214;5215;5216;5217;5218;5219;5220;5221;5222;5223;5224;5225;5226;5227;5228;5229;5230;5231;5232;5233;5234;5235;5236;5237;5238;5239;5240;5241;5242;5243;5244;5245;5246;5247;5248;5249;5250;5251;5252;5253;5254;5255;5256;5257;5258;5259;5260;5261;5262;5263;5264;5265;5266;5267;5268;5269;5270;5271;5272;5273;5274;5275;5276;5277;5278;5279;5280;5281;5282;5283;5284;5285;5286;5287;5288;5289;5290;5291;5292;5293;5294;5295;5296;5297;5298;5299;5300;5301;5302;5303;5304;5305;5306;5307;5308;5309;5310;5311;5312;5313;5314;5315;5316;5317;5318;5319;5320;5321;5322;5323;5324;5325;5326;5327;5328;5329;5330;5331;5332;5333;5334;5335;5336;5337;5338;5339;5340;5341;5342;5343;5344;5345;5346;5347;5348;5349;5350;5351;5352;5353;5354;5355;5356;5357;5358;5359;5360;5361;5362;5363;5364;5365;5366;5367;5368;5369;5370;5371;5372;5373;5374;5375;5376;5377;5378;5379;5380;5381;5382;5383;5384;5385;5386;5387;5388;5389;5390;5391;5392;5393;5394;5395;5396;5397;5398;5399;5400;5401;5402;5403;5404;5405;5406;5407;5408;5409;5410;5411;5412;5413;5414;5415;5416;5417;5418;5419;5420;5421;5422;5423;5424;5425;5426;5427;5428;5429;5430;5431;5432;5433;5434;5435;5436;5437;5438;5439;5440;5441;5442;5443;5444;5445;5446;5447;5448;5449;5450;5451;5452;5453;5454;5455;5456;5457;5458;5459;5460;5461;5462;5463;5464;5465;5466;5467;5468;5469;5470;5471;5472;5473;5474;5475;5476;5477;5478;5479;5480;5481;5482;5483;5484;5485;5486;5487;5488;5489;5490;5491;5492;5493;5494;5495;5496;5497;5498;5499;5500;5501;5502;5503;5504;5505;5506;5507;5508;5509;5510;5511;5512;5513;5514;5515;5516;5517;5518;5519;5520;5521;5522;5523;5524;5525;5526;5527;5528;5529;5530;5531;5532;5533;5534;5535;5536;5537;5538;5539;5540;5541;5542;5543;5544;5545;5546;5547;5548;5549;5550;5551;5552;5553;5554;5555;5556;5557;5558;5559;5560;5561;5562;5563;5564;5565;5566;5567;5568;5569;5570;5571;5572;5573;5574;5575;5576;5577;5578;5579;5580;5581;5582;5583;5584;5585;5586;5587;5588;5589;5590;5591;5592;5593;5594;5595;5596;5597;5598;5599;5600;5601;5602;5603;5604;5605;5606;5607;5608;5609;5610;5611;5612;5613;5614;5615;5616;5617;5618;5619;5620;5621;5622;5623;5624;5625;5626;5627;5628;5629;5630;5631;5632;5633;5634;5635;5636;5637;5638;5639;5640;5641;5642;5643;5644;5645;5646;5647;5648;5649;5650;5651;5652;5653;5654;5655;5656;5657;5658;5659;5660;5661;5662;5663;5664;5665;5666;5667;5668;5669;5670;5671;5672;5673;5674;5675;5676;5677;5678;5679;5680;5681;5682;5683;5684;5685;5686;5687;5688;5689;5690;5691;5692;5693;5694;5695;5696;5697;5698;5699;5700;5701;5702;5703;5704;5705;5706;5707;5708;5709;5710;5711;5712;5713;5714;5715;5716;5717;5718;5719;5720;5721;5722;5723;5724;5725;5726;5727;5728;5729;5730;5731;5732;5733;5734;5735;5736;5737;5738;5739;5740;5741;5742;5743;5744;5745;5746;5747;5748;5749;5750;5751;5752;5753;5754;5755;5756;5757;5758;5759;5760;5761;5762;5763;5764;5765;5766;5767;5768;5769;5770;5771;5772;5773;5774;5775;5776;5777;5778;5779;5780;5781;5782;5783;5784;5785;5786;5787;5788;5789;5790;5791;5792;5793;5794;5795;5796;5797;5798;5799;5800;5801;5802;5803;5804;5805;5806;5807;5808;5809;5810;5811;5812;5813;5814;5815;5816;5817;5818;5819;5820;5821;5822;5823;5824;5825;5826;5827;5828;5829;5830;5831;5832;5833;5834;5835;5836;5837;5838;5839;5840;5841;5842;5843;5844;5845;5846;5847;5848;5849;5850;5851;5852;5853;5854;5855;5856;5857;5858;5859;5860;5861;5862;5863;5864;5865;5866;5867;5868;5869;5870;5871;5872;5873;5874;5875;5876;5877;5878;5879;5880;5881;5882;5883;5884;5885;5886;5887;5888;5889;5890;5891;5892;5893;5894;5895;5896;5897;5898;5899;5900;5901;5902;5903;5904;5905;5906;5907;5908;5909;5910;5911;5912;5913;5914;5915;5916;5917;5918;5919;5920;5921;5922;5923;5924;5925;5926;5927;5928;5929;5930;5931;5932;5933;5934;5935;5936;5937;5938;5939;5940;5941;5942;5943;5944;5945;5946;5947;5948;5949;5950;5951;5952;5953;5954;5955;5956;5957;5958;5959;5960;5961;5962;5963;5964;5965;5966;5967;5968;5969;5970;5971;5972;5973;5974;5975;5976;5977;5978;5979;5980;5981;5982;5983;5984;5985;5986;5987;5988;5989;5990;5991;5992;5993;5994;5995;5996;5997;5998;5999;6000;6001;6002;6003;6004;6005;6006;6007;6008;6009;6010;6011;6012;6013;6014;6015;6016;6017;6018;6019;6020;6021;6022;6023;6024;6025;6026;6027;6028;6029;6030;6031;6032;6033;6034;6035;6036;6037;6038;6039;6040;6041;6042;6043;6044;6045;6046;6047;6048;6049;6050;6051;6052;6053;6054;6055;6056;6057;6058;6059;6060;6061;6062;6063;6064;6065;6066;6067;6068;6069;6070;6071;6072;6073;6074;6075;6076;6077;6078;6079;6080;6081;6082;6083;6084;6085;6086;6087;6088;6089;6090;6091;6092;6093;6094;6095;6096;6097;6098;6099;6100;6101;6102;6103;6104;6105;6106;6107;6108;6109;6110;6111;6112;6113;6114;6115;6116;6117;6118;6119;6120;6121;6122;6123;6124;6125;6126;6127;6128;6129;6130;6131;6132;6133;6134;6135;6136;6137;6138;6139;6140;6141;6142;6143;6144;6145;6146;6147;6148;6149;6150;6151;6152;6153;6154;6155;6156;6157;6158;6159;6160;6161;6162;6163;6164;6165;6166;6167;6168;6169;6170;6171;6172;6173;6174;6175;6176;6177;6178;6179;6180;6181;6182;6183;6184;6185;6186;6187;6188;6189;6190;6191;6192;6193;6194;6195;6196;6197;6198;6199;6200;6201;6202;6203;6204;6205;6206;6207;6208;6209;6210;6211;6212;6213;6214;6215;6216;6217;6218;6219;6220;6221;6222;6223;6224;6225;6226;6227;6228;6229;6230;6231;6232;6233;6234;6235;6236;6237;6238;6239;6240;6241;6242;6243;6244;6245;6246;6247;6248;6249;6250;6251;6252;6253;6254;6255;6256;6257;6258;6259;6260;6261;6262;6263;6264;6265;6266;6267;6268;6269;6270;6271;6272;6273;6274;6275;6276;6277;6278;6279;6280;6281;6282;6283;6284;6285;6286;6287;6288;6289;6290;6291;6292;6293;6294;6295;6296;6297;6298;6299;6300;6301;6302;6303;6304;6305;6306;6307;6308;6309;6310;6311;6312;6313;6314;6315;6316;6317;6318;6319;6320;6321;6322;6323;6324;6325;6326;6327;6328;6329;6330;6331;6332;6333;6334;6335;6336;6337;6338;6339;6340;6341;6342;6343;6344;6345;6346;6347;6348;6349;6350;6351;6352;6353;6354;6355;6356;6357;6358;6359;6360;6361;6362;6363;6364;6365;6366;6367;6368;6369;6370;6371;6372;6373;6374;6375;6376;6377;6378;6379;6380;6381;6382;6383;6384;6385;6386;6387;6388;6389;6390;6391;6392;6393;6394;6395;6396;6397;6398;6399;6400;6401;6402;6403;6404;6405;6406;6407;6408;6409;6410;6411;6412;6413;6414;6415;6416;6417;6418;6419;6420;6421;6422;6423;6424;6425;6426;6427;6428;6429;6430;6431;6432;6433;6434;6435;6436;6437;6438;6439;6440;6441;6442;6443;6444;6445;6446;6447;6448;6449;6450;6451;6452;6453;6454;6455;6456;6457;6458;6459;6460;6461;6462;6463;6464;6465;6466;6467;6468;6469;6470;6471;6472;6473;6474;6475;6476;6477;6478;6479;6480;6481;6482;6483;6484;6485;6486;6487;6488;6489;6490;6491;6492;6493;6494;6495;6496;6497;6498;6499;6500;6501;6502;6503;6504;6505;6506;6507;6508;6509;6510;6511;6512;6513;6514;6515;6516;6517;6518;6519;6520;6521;6522;6523;6524;6525;6526;6527;6528;6529;6530;6531;6532;6533;6534;6535;6536;6537;6538;6539;6540;6541;6542;6543;6544;6545;6546;6547;6548;6549;6550;6551;6552;6553;6554;6555;6556;6557;6558;6559;6560;6561;6562;6563;6564;6565;6566;6567;6568;6569;6570;6571;6572;6573;6574;6575;6576;6577;6578;6579;6580;6581;6582;6583;6584;6585;6586;6587;6588;6589;6590;6591;6592;6593;6594;6595;6596;6597;6598;6599;6600;6601;6602;6603;6604;6605;6606;6607;6608;6609;6610;6611;6612;6613;6614;6615;6616;6617;6618;6619;6620;6621;6622;6623;6624;6625;6626;6627;6628;6629;6630;6631;6632;6633;6634;6635;6636;6637;6638;6639;6640;6641;6642;6643;6644;6645;6646;6647;6648;6649;6650;6651;6652;6653;6654;6655;6656;6657;6658;6659;6660;6661;6662;6663;6664;6665;6666;6667;6668;6669;6670;6671;6672;6673;6674;6675;6676;6677;6678;6679;6680;6681;6682;6683;6684;6685;6686;6687;6688;6689;6690;6691;6692;6693;6694;6695;6696;6697;6698;6699;6700;6701;6702;6703;6704;6705;6706;6707;6708;6709;6710;6711;6712;6713;6714;6715;6716;6717;6718;6719;6720;6721;6722;6723;6724;6725;6726;6727;6728;6729;6730;6731;6732;6733;6734;6735;6736;6737;6738;6739;6740;6741;6742;6743;6744;6745;6746;6747;6748;6749;6750;6751;6752;6753;6754;6755;6756;6757;6758;6759;6760;6761;6762;6763;6764;6765;6766;6767;6768;6769;6770;6771;6772;6773;6774;6775;6776;6777;6778;6779;6780;6781;6782;6783;6784;6785;6786;6787;6788;6789;6790;6791;6792;6793;6794;6795;6796;6797;6798;6799;6800;6801;6802;6803;6804;6805;6806;6807;6808;6809;6810;6811;6812;6813;6814;6815;6816;6817;6818;6819;6820;6821;6822;6823;6824;6825;6826;6827;6828;6829;6830;6831;6832;6833;6834;6835;6836;6837;6838;6839;6840;6841;6842;6843;6844;6845;6846;6847;6848;6849;6850;6851;6852;6853;6854;6855;6856;6857;6858;6859;6860;6861;6862;6863;6864;6865;6866;6867;6868;6869;6870;6871;6872;6873;6874;6875;6876;6877;6878;6879;6880;6881;6882;6883;6884;6885;6886;6887;6888;6889;6890;6891;6892;6893;6894;6895;6896;6897;6898;6899;6900;6901;6902;6903;6904;6905;6906;6907;6908;6909;6910;6911;6912;6913;6914;6915;6916;6917;6918;6919;6920;6921;6922;6923;6924;6925;6926;6927;6928;6929;6930;6931;6932;6933;6934;6935;6936;6937;6938;6939;6940;6941;6942;6943;6944;6945;6946;6947;6948;6949;6950;6951;6952;6953;6954;6955;6956;6957;6958;6959;6960;6961;6962;6963;6964;6965;6966;6967;6968;6969;6970;6971;6972;6973;6974;6975;6976;6977;6978;6979;6980;6981;6982;6983;6984;6985;6986;6987;6988;6989;6990;6991;6992;6993;6994;6995;6996;6997;6998;6999;7000;7001;7002;7003;7004;7005;7006;7007;7008;7009;7010;7011;7012;7013;7014;7015;7016;7017;7018;7019;7020;7021;7022;7023;7024;7025;7026;7027;7028;7029;7030;7031;7032;7033;7034;7035;7036;7037;7038;7039;7040;7041;7042;7043;7044;7045;7046;7047;7048;7049;7050;7051;7052;7053;7054;7055;7056;7057;7058;7059;7060;7061;7062;7063;7064;7065;7066;7067;7068;7069;7070;7071;7072;7073;7074;7075;7076;7077;7078;7079;7080;7081;7082;7083;7084;7085;7086;7087;7088;7089;7090;7091;7092;7093;7094;7095;7096;7097;7098;7099;7100;7101;7102;7103;7104;7105;7106;7107;7108;7109;7110;7111;7112;7113;7114;7115;7116;7117;7118;7119;7120;7121;7122;7123;7124;7125;7126;7127;7128;7129;7130;7131;7132;7133;7134;7135;7136;7137;7138;7139;7140;7141;7142;7143;7144;7145;7146;7147;7148;7149;7150;7151;7152;7153;7154;7155;7156;7157;7158;7159;7160;7161;7162;7163;7164;7165;7166;7167;7168;7169;7170;7171;7172;7173;7174;7175;7176;7177;7178;7179;7180;7181;7182;7183;7184;7185;7186;7187;7188;7189;7190;7191;7192;7193;7194;7195;7196;7197;7198;7199;7200;7201;7202;7203;7204;7205;7206;7207;7208;7209;7210;7211;7212;7213;7214;7215;7216;7217;7218;7219;7220;7221;7222;7223;7224;7225;7226;7227;7228;7229;7230;7231;7232;7233;7234;7235;7236;7237;7238;7239;7240;7241;7242;7243;7244;7245;7246;7247;7248;7249;7250;7251;7252;7253;7254;7255;7256;7257;7258;7259;7260;7261;7262;7263;7264;7265;7266;7267;7268;7269;7270;7271;7272;7273;7274;7275;7276;7277;7278;7279;7280;7281;7282;7283;7284;7285;7286;7287;7288;7289;7290;7291;7292;7293;7294;7295;7296;7297;7298;7299;7300;7301;7302;7303;7304;7305;7306;7307;7308;7309;7310;7311;7312;7313;7314;7315;7316;7317;7318;7319;7320;7321;7322;7323;7324;7325;7326;7327;7328;7329;7330;7331;7332;7333;7334;7335;7336;7337;7338;7339;7340;7341;7342;7343;7344;7345;7346;7347;7348;7349;7350;7351;7352;7353;7354;7355;7356;7357;7358;7359;7360;7361;7362;7363;7364;7365;7366;7367;7368;7369;7370;7371;7372;7373;7374;7375;7376;7377;7378;7379;7380;7381;7382;7383;7384;7385;7386;7387;7388;7389;7390;7391;7392;7393;7394;7395;7396;7397;7398;7399;7400;7401;7402;7403;7404;7405;7406;7407;7408;7409;7410;7411;7412;7413;7414;7415;7416;7417;7418;7419;7420;7421;7422;7423;7424;7425;7426;7427;7428;7429;7430;7431;7432;7433;7434;7435;7436;7437;7438;7439;7440;7441;7442;7443;7444;7445;7446;7447;7448;7449;7450;7451;7452;7453;7454;7455;7456;7457;7458;7459;7460;7461;7462;7463;7464;7465;7466;7467;7468;7469;7470;7471;7472;7473;7474;7475;7476;7477;7478;7479;7480;7481;7482;7483;7484;7485;7486;7487;7488;7489;7490;7491;7492;7493;7494;7495;7496;7497;7498;7499;7500;7501;7502;7503;7504;7505;7506;7507;7508;7509;7510;7511;7512;7513;7514;7515;7516;7517;7518;7519;7520;7521;7522;7523;7524;7525;7526;7527;7528;7529;7530;7531;7532;7533;7534;7535;7536;7537;7538;7539;7540;7541;7542;7543;7544;7545;7546;7547;7548;7549;7550;7551;7552;7553;7554;7555;7556;7557;7558;7559;7560;7561;7562;7563;7564;7565;7566;7567;7568;7569;7570;7571;7572;7573;7574;7575;7576;7577;7578;7579;7580;7581;7582;7583;7584;7585;7586;7587;7588;7589;7590;7591;7592;7593;7594;7595;7596;7597;7598;7599;7600;7601;7602;7603;7604;7605;7606;7607;7608;7609;7610;7611;7612;7613;7614;7615;7616;7617;7618;7619;7620;7621;7622;7623;7624;7625;7626;7627;7628;7629;7630;7631;7632;7633;7634;7635;7636;7637;7638;7639;7640;7641;7642;7643;7644;7645;7646;7647;7648;7649;7650;7651;7652;7653;7654;7655;7656;7657;7658;7659;7660;7661;7662;7663;7664;7665;7666;7667;7668;7669;7670;7671;7672;7673;7674;7675;7676;7677;7678;7679;7680;7681;7682;7683;7684;7685;7686;7687;7688;7689;7690;7691;7692;7693;7694;7695;7696;7697;7698;7699;7700;7701;7702;7703;7704;7705;7706;7707;7708;7709;7710;7711;7712;7713;7714;7715;7716;7717;7718;7719;7720;7721;7722;7723;7724;7725;7726;7727;7728;7729;7730;7731;7732;7733;7734;7735;7736;7737;7738;7739;7740;7741;7742;7743;7744;7745;7746;7747;7748;7749;7750;7751;7752;7753;7754;7755;7756;7757;7758;7759;7760;7761;7762;7763;7764;7765;7766;7767;7768;7769;7770;7771;7772;7773;7774;7775;7776;7777;7778;7779;7780;7781;7782;7783;7784;7785;7786;7787;7788;7789;7790;7791;7792;7793;7794;7795;7796;7797;7798;7799;7800;7801;7802;7803;7804;7805;7806;7807;7808;7809;7810;7811;7812;7813;7814;7815;7816;7817;7818;7819;7820;7821;7822;7823;7824;7825;7826;7827;7828;7829;7830;7831;7832;7833;7834;7835;7836;7837;7838;7839;7840;7841;7842;7843;7844;7845;7846;7847;7848;7849;7850;7851;7852;7853;7854;7855;7856;7857;7858;7859;7860;7861;7862;7863;7864;7865;7866;7867;7868;7869;7870;7871;7872;7873;7874;7875;7876;7877;7878;7879;7880;7881;7882;7883;7884;7885;7886;7887;7888;7889;7890;7891;7892;7893;7894;7895;7896;7897;7898;7899;7900;7901;7902;7903;7904;7905;7906;7907;7908;7909;7910;7911;7912;7913;7914;7915;7916;7917;7918;7919;7920;7921;7922;7923;7924;7925;7926;7927;7928;7929;7930;7931;7932;7933;7934;7935;7936;7937;7938;7939;7940;7941;7942;7943;7944;7945;7946;7947;7948;7949;7950;7951;7952;7953;7954;7955;7956;7957;7958;7959;7960;7961;7962;7963;7964;7965;7966;7967;7968;7969;7970;7971;7972;7973;7974;7975;7976;7977;7978;7979;7980;7981;7982;7983;7984;7985;7986;7987;7988;7989;7990;7991;7992;7993;7994;7995;7996;7997;7998;7999;8000;8001;8002;8003;8004;8005;8006;8007;8008;8009;8010;8011;8012;8013;8014;8015;8016;8017;8018;8019;8020;8021;8022;8023;8024;8025;8026;8027;8028;8029;8030;8031;8032;8033;8034;8035;8036;8037;8038;8039;8040;8041;8042;8043;8044;8045;8046;8047;8048;8049;8050;8051;8052;8053;8054;8055;8056;8057;8058;8059;8060;8061;8062;8063;8064;8065;8066;8067;8068;8069;8070;8071;8072;8073;8074;8075;8076;8077;8078;8079;8080;8081;8082;8083;8084;8085;8086;8087;8088;8089;8090;8091;8092;8093;8094;8095;8096;8097;8098;8099;8100;8101;8102;8103;8104;8105;8106;8107;8108;8109;8110;8111;8112;8113;8114;8115;8116;8117;8118;8119;8120;8121;8122;8123;8124;8125;8126;8127;8128;8129;8130;8131;8132;8133;8134;8135;8136;8137;8138;8139;8140;8141;8142;8143;8144;8145;8146;8147;8148;8149;8150;8151;8152;8153;8154;8155;8156;8157;8158;8159;8160;8161;8162;8163;8164;8165;8166;8167;8168;8169;8170;8171;8172;8173;8174;8175;8176;8177;8178;8179;8180;8181;8182;8183;8184;8185;8186;8187;8188;8189;8190;8191;8192;8193;8194;8195;8196;8197;8198;8199;8200;8201
26	0	16570	864	0	MT	3306
27	0	171824	865	7	NC_007605	3307
28	0	106434	866	0	GL000191.1	3247
29	0	547497	867	7	GL000192.1	3248
30	0	189790	868	0	GL000193.1	3249
31	0	191470	869	7	GL000194.1	3250
32	0	182897	870	0	GL000195.1	3251
33	0	38915	871	7	GL000196.1	3252
34	0	37176	872	0	GL000197.1	3253
35	0	90086	873	7	GL000198.1	3254
36	0	169875	874	0	GL000199.1	3255
37	0	187036	875	7	GL000200.1	3256
38	0	36149	876	0	GL000201.1	3257
39	0	40104	877	7	GL000202.1	3258
40	0	37499	878	0	GL000203.1	3259
41	0	81311	879	7	GL000204.1	3260
42	0	174589	880	0	GL000205.1	3261
43	0	41002	881	7	GL000206.1	3262
44	0	4263	882	0	GL000207.1	3263
45	0	92690	883	7	GL000208.1	3264
46	0	159170	884	0	GL000209.1	3265
47	0	27683	885	7	GL000210.1	3266
48	0	166567	886	0	GL000211.1	3267
49	0	186859	887	7	GL000212.1	3268
50	0	164240	888	0	GL000213.1	3269
51	0	137719	889	7	GL000214.1	3270
52	0	172546	890	0	GL000215.1	3271
53	0	172295	891	7	GL000216.1	3272
54	0	172150	892	0	GL000217.1	3273
55	0	161148	893	7	GL000218.1	3274
56	0	179199	894	0	GL000219.1	3275
57	0	161803	895	7	GL000220.1	3276
58	0	155398	896	0	GL000221.1	3277
59	0	186862	897	7	GL000222.1	3278
60	0	180456	898	0	GL000223.1	3279
61	0	179694	899	7	GL000224.1	3280
62	0	211174	900	0	GL000225.1	3281
63	0	15009	901	7	GL000226.1	3282
64	0	128375	902	0	GL000227.1	3283
65	0	129121	903	7	GL000228.1	3284
66	0	19914	904	0	GL000229.1	3285
67	0	43692	905	7	GL000230.1	3286
68	0	27387	906	0	GL000231.1	3287
69	0	40653	907	7	GL000232.1	3288
70	0	45942	908	0	GL000233.1	3289
71	0	40532	909	7	GL000234.1	3290
72	0	34475	910	0	GL000235.1	3291
73	0	41935	911	7	GL000236.1	3292
74	0	45868	912	0	GL000237.1	3293
75	0	39940	913	7	GL000238.1	3294
76	0	33825	914	0	GL000239.1	3295
77	0	41934	915	7	GL000240.1	3296
78	0	42153	916	0	GL000241.1	3297
79	0	43524	917	7	GL000242.1	3298
80	0	43342	918	0	GL000243.1	3299
81	0	39930	919	7	GL000244.1	3300
82	0	36652	920	0	GL000245.1	3301
83	0	38155	921	7	GL000246.1	3302
84	0	36423	922	0	GL000247.1	3303
85	0	39787	923	7	GL000248.1	3304
86	0	38503	924	0	GL000249.1	3305
