m_H032-7M5S	210.6
m_H032-8UZO	253.83333333333334
m_H032-D4PV	251.46666666666667
m_H032-F712	229.6
m_H032-FMUS	187.48333333333332
m_H032-M30L	228.78333333333333
m_H032-P001	360.95
m_H032-P002	553.0833333333334
m_H032-VN5N	226.81666666666666
m_H032-VPVQ	197.41666666666666
m_H032-Y0L3	249.8
m_H032-Y42K	202.86666666666667
t_0008_CRUK_PC_0008_1	286.2
t_0008_CRUK_PC_0008_2	324.51666666666665
t_0056_CRUK_PC_0056	359.9
t_0064_CRUK_PC_0064	340.71666666666664
t_0065_CRUK_PC_0065	258.8666666666667
t_0067_CRUK_PC_0067	355.95
t_0069_CRUK_PC_0069	337.71666666666664
t_0070_CRUK_PC_0070	293.6
t_0071_CRUK_PC_0071	334.05
t_0072_CRUK_PC_0072	282.18333333333334
t_0075_CRUK_PC_0075	364.23333333333335
t_0077_CRUK_PC_0077	325.0
t_0078_CRUK_PC_0078	302.1166666666667
t_0080_CRUK_PC_0080	336.3
t_0082_CRUK_PC_0082	297.3833333333333
t_0084_CRUK_PC_0084	586.8333333333334
t_0086_CRUK_PC_0086	558.0333333333333
t_0089_CRUK_PC_0089	341.7
t_0090_CRUK_PC_0090	353.7
t_0091_CRUK_PC_0091	342.46666666666664
t_0093_CRUK_PC_0093	616.1333333333333
t_0094_CRUK_PC_0094	619.0166666666667
t_1	265.28333333333336
t_10	185.3
t_115	183.23333333333332
t_12	188.96666666666667
t_122	250.05
t_125	237.96666666666667
t_128	232.03333333333333
t_134	252.23333333333332
t_137	220.46666666666667
t_138	219.4
t_139	188.48333333333332
t_141	209.15
t_145	194.4
t_148	193.35
t_15	244.23333333333332
t_151	201.0
t_157	184.36666666666667
t_16	231.93333333333334
t_166	210.78333333333333
t_176	399.6333333333333
t_177	191.88333333333333
t_179	164.55
t_181	220.4
t_188	178.26666666666668
t_192	178.01666666666668
t_199	175.08333333333334
t_2	288.51666666666665
t_20	188.41666666666666
t_23	208.38333333333333
t_244	263.03333333333336
t_25	233.15
t_26	219.43333333333334
t_27	173.1
t_277	229.51666666666668
t_278	185.75
t_282	200.51666666666668
t_283	445.53333333333336
t_290	189.9
t_294	248.03333333333333
t_296	172.16666666666666
t_2a971e32-b0e7-4a3f-8c40-62d69c0307d8	179.3
t_3	181.25
t_30	188.06666666666666
t_306	185.46666666666667
t_308	189.4
t_318	187.98333333333332
t_32	152.25
t_33	181.0
t_342	164.16666666666666
t_343	192.98333333333332
t_356	411.75
t_358	181.0
t_367	189.9
t_371	238.75
t_372	154.41666666666666
t_386	208.1
t_39	198.35
t_393	210.65
t_4	309.06666666666666
t_40e507fb-e285-424b-a98b-362e47a53e4a	466.65
t_4100314	275.1666666666667
t_4100636	261.8
t_4101316	232.11666666666667
t_4101626	213.33333333333334
t_4101815	236.28333333333333
t_4102009	251.81666666666666
t_4103141	207.88333333333333
t_4103434	268.05
t_4103570	243.81666666666666
t_4104105	227.51666666666668
t_4104893	181.45
t_4105105	226.36666666666667
t_4105746	206.3
t_4107137	209.5
t_4107559	226.31666666666666
t_4107990	228.23333333333332
t_4108101	194.21666666666667
t_4108588	189.45
t_4108627	251.25
t_4108988	236.2
t_4108992	184.98333333333332
t_4109142	188.36666666666667
t_4109808	177.43333333333334
t_4109956	262.46666666666664
t_4110120	235.36666666666667
t_4110378	210.51666666666668
t_4110498	206.06666666666666
t_4110996	200.5
t_4111326	181.98333333333332
t_4111337	164.75
t_4112447	266.06666666666666
t_4112512	193.83333333333334
t_4113140	229.5
t_4113191	226.96666666666667
t_4113211	221.28333333333333
t_4113825	254.08333333333334
t_4113971	174.81666666666666
t_4115001	210.43333333333334
t_4116268	238.76666666666668
t_4116738	203.41666666666666
t_4117030	204.96666666666667
t_4119027	191.45
t_4119279	301.5833333333333
t_4119463	211.0
t_4120157	184.91666666666666
t_4120193	180.3
t_4120403	218.98333333333332
t_4120468	213.8
t_4121263	299.9166666666667
t_4121361	208.36666666666667
t_4122063	202.26666666666668
t_4123945	253.88333333333333
t_4124188	232.6
t_4124542	245.6
t_4124795	296.3333333333333
t_4125240	227.65
t_4126473	269.2
t_4127766	258.4
t_4128477	198.36666666666667
t_4128852	321.31666666666666
t_4128970	245.66666666666666
t_4130003	350.7
t_4130051	194.55
t_4130194	215.38333333333333
t_4131095	239.33333333333334
t_4131257	205.6
t_4131738	263.68333333333334
t_4131744	285.5833333333333
t_4132318	234.53333333333333
t_4132950	245.75
t_4133263	281.85
t_4133511	228.18333333333334
t_4133863	204.05
t_4134005	194.56666666666666
t_4134434	224.66666666666666
t_4135099	259.35
t_4135278	235.0
t_4135350	279.51666666666665
t_4136702	199.71666666666667
t_4138464	205.31666666666666
t_4138527	215.78333333333333
t_4138652	225.43333333333334
t_4138885	227.41666666666666
t_4139696	203.03333333333333
t_4140531	211.16666666666666
t_4141476	229.13333333333333
t_4142267	209.21666666666667
t_4142605	293.1166666666667
t_4142761	235.11666666666667
t_4144131	296.81666666666666
t_4144366	180.61666666666667
t_4144633	233.86666666666667
t_4144951	212.11666666666667
t_4145056	267.15
t_4145177	240.38333333333333
t_4145391	213.33333333333334
t_4145528	185.16666666666666
t_4146136	362.71666666666664
t_4146289	299.1333333333333
t_4147081	208.83333333333334
t_4147968	260.7
t_4148261	247.36666666666667
t_4148537	254.41666666666666
t_4148771	255.0
t_4149246	237.88333333333333
t_4150549	274.48333333333335
t_4150895	193.78333333333333
t_4151028	217.4
t_4151471	351.6166666666667
t_4152036	378.73333333333335
t_4156551	204.43333333333334
t_4157186	258.6166666666667
t_4158268	278.51666666666665
t_4158483	221.86666666666667
t_4158726	247.15
t_4158769	225.61666666666667
t_4158933	260.3
t_4159170	278.3
t_4159421	234.23333333333332
t_4160069	194.45
t_4160100	252.53333333333333
t_4160468	245.13333333333333
t_4160810	267.45
t_4161696	260.2
t_4161781	205.6
t_4162154	211.21666666666667
t_4162611	210.6
t_4163297	205.83333333333334
t_4163639	268.4166666666667
t_4163741	249.71666666666667
t_4164943	219.36666666666667
t_4165379	216.61666666666667
t_4166151	203.23333333333332
t_4166503	172.93333333333334
t_4166706	234.58333333333334
t_4166940	189.95
t_4167381	214.46666666666667
t_4168738	232.98333333333332
t_4168750	264.6
t_4169012	238.6
t_4169139	254.81666666666666
t_4170577	202.58333333333334
t_4170686	210.78333333333333
t_4170730	205.56666666666666
t_4170844	349.01666666666665
t_4171706	219.38333333333333
t_4171810	199.31666666666666
t_4172511	250.1
t_4173863	186.51666666666668
t_4174742	214.6
t_4174905	240.28333333333333
t_4175837	229.98333333333332
t_4176133	236.45
t_4176325	211.45
t_4177175	382.78333333333336
t_4177376	170.65
t_4177406	213.8
t_4177434	272.55
t_4177601	207.53333333333333
t_4177639	197.71666666666667
t_4177810	291.76666666666665
t_4177856	190.03333333333333
t_4177987	218.7
t_4178310	198.96666666666667
t_4178345	216.5
t_4178518	260.45
t_4178655	280.25
t_4179894	213.65
t_4180106	255.86666666666667
t_4181037	241.56666666666666
t_4181460	210.35
t_4182393	195.46666666666667
t_4183136	205.11666666666667
t_4183924	208.31666666666666
t_4184011	277.73333333333335
t_4184094	275.0
t_4187640	212.91666666666666
t_4188398	244.66666666666666
t_4188800	218.26666666666668
t_4188879	230.63333333333333
t_4188900	193.71666666666667
t_4189035	210.01666666666668
t_4189200	227.03333333333333
t_4189998	257.46666666666664
t_4190231	272.3333333333333
t_4190316	258.55
t_4190495	189.26666666666668
t_4190784	211.9
t_4191799	216.96666666666667
t_4192483	216.65
t_4193278	204.78333333333333
t_4193435	224.36666666666667
t_4193638	212.81666666666666
t_4193646	202.26666666666668
t_4194218	244.25
t_4194891	246.7
t_4196654	296.55
t_4196670	209.81666666666666
t_4197155	255.75
t_4197438	189.53333333333333
t_4198478	263.21666666666664
t_4198519	241.36666666666667
t_4198542	195.48333333333332
t_4199714	228.03333333333333
t_4199848	216.53333333333333
t_4199996	207.25
t_435	193.43333333333334
t_44	166.96666666666667
t_442	180.3
t_467	225.65
t_473	224.88333333333333
t_477	200.51666666666668
t_48	211.18333333333334
t_5	191.2
t_519	238.58333333333334
t_523	244.6
t_56	214.8
t_564	231.06666666666666
t_577	180.16666666666666
t_58	185.98333333333332
t_594	204.86666666666667
t_6	207.08333333333334
t_618	213.46666666666667
t_628	183.85
t_63	186.13333333333333
t_64	209.1
t_654	181.4
t_661	196.58333333333334
t_677	178.71666666666667
t_684	195.7
t_6EP16	269.75
t_6EP17	173.48333333333332
t_6EP18	251.3
t_6EP2	366.95
t_6EP6	215.28333333333333
t_723	188.18333333333334
t_745	179.36666666666667
t_749	218.81666666666666
t_761	182.8
t_776	198.25
t_783	180.13333333333333
t_785	205.75
t_795	175.05
t_802	167.95
t_803	182.63333333333333
t_804	209.68333333333334
t_82	189.06666666666666
t_824	190.9
t_83	203.38333333333333
t_832	184.33333333333334
t_84	197.31666666666666
t_9	203.28333333333333
t_90	186.35
t_A10-0015_CRUK_PC_0015_2	345.85
t_A10-0015_CRUK_PC_0015_3	379.93333333333334
t_A12-0020_CRUK_PC_0020_1	309.21666666666664
t_A12-0020_CRUK_PC_0020_2	381.1333333333333
t_A12-0020_CRUK_PC_0020_3	378.15
t_A17-0095_CRUK_PC_0095_1	315.9166666666667
t_A17-0095_CRUK_PC_0095_2	351.78333333333336
t_A17-0095_CRUK_PC_0095_3	366.3333333333333
t_A17-0095_CRUK_PC_0095_4	365.26666666666665
t_A17-0095_CRUK_PC_0095_5	339.6333333333333
t_A21-0096_CRUK_PC_0096_1	145.55
t_A21-0096_CRUK_PC_0096_2	189.75
t_A21-0096_CRUK_PC_0096_3	214.88333333333333
t_A21-0096_CRUK_PC_0096_4	159.63333333333333
t_A21-0096_CRUK_PC_0096_5	188.31666666666666
t_A21-0096_CRUK_PC_0096_6	153.41666666666666
t_A21-0096_CRUK_PC_0096_7	163.93333333333334
t_A21-0096_CRUK_PC_0096_8	147.45
t_A21-0096_CRUK_PC_0096_9	163.46666666666667
t_A22-0016_CRUK_PC_0016_1	318.6666666666667
t_A22-0016_CRUK_PC_0016_10	375.0
t_A22-0016_CRUK_PC_0016_2	331.46666666666664
t_A22-0016_CRUK_PC_0016_3	344.3333333333333
t_A22-0016_CRUK_PC_0016_4	304.48333333333335
t_A22-0016_CRUK_PC_0016_5	288.46666666666664
t_A22-0016_CRUK_PC_0016_6	353.45
t_A22-0016_CRUK_PC_0016_7	367.5
t_A22-0016_CRUK_PC_0016_8	306.3833333333333
t_A22-0016_CRUK_PC_0016_9	408.51666666666665
t_A24-0021_CRUK_PC_0021_1	325.7
t_A24-0021_CRUK_PC_0021_2	350.8666666666667
t_A24-0021_CRUK_PC_0021_3	364.3
t_A24-0021_CRUK_PC_0021_4	400.4
t_A29-0017_CRUK_PC_0017_2	346.45
t_A31-0018_CRUK_PC_0018_1	357.6333333333333
t_A31-0018_CRUK_PC_0018_2	365.51666666666665
t_A31-0018_CRUK_PC_0018_3	356.65
t_A31-0018_CRUK_PC_0018_4	360.45
t_A31-0018_CRUK_PC_0018_5	311.6
t_A32-0019_CRUK_PC_0019_1	414.4166666666667
t_A32-0019_CRUK_PC_0019_2	318.43333333333334
t_A32-0019_CRUK_PC_0019_3	355.0833333333333
t_A32-0019_CRUK_PC_0019_4	355.05
t_A32-0019_CRUK_PC_0019_5	355.93333333333334
t_A34-0022_CRUK_PC_0022_1	446.3333333333333
t_A34-0022_CRUK_PC_0022_2	377.0
t_A34-0022_CRUK_PC_0022_3	323.6333333333333
t_A34-0022_CRUK_PC_0022_4	436.75
t_AOCS-001	293.5
t_AOCS-004	338.1166666666667
t_AOCS-005	277.96666666666664
t_AOCS-034	268.06666666666666
t_AOCS-055	284.76666666666665
t_AOCS-056	277.0
t_AOCS-057	247.48333333333332
t_AOCS-058	336.81666666666666
t_AOCS-059	259.43333333333334
t_AOCS-060	329.21666666666664
t_AOCS-061	317.18333333333334
t_AOCS-063	262.06666666666666
t_AOCS-064	321.45
t_AOCS-065	312.68333333333334
t_AOCS-075	283.4166666666667
t_AOCS-076	330.25
t_AOCS-077	366.3666666666667
t_AOCS-078	310.1333333333333
t_AOCS-079	329.95
t_AOCS-080	315.95
t_AOCS-081	312.93333333333334
t_AOCS-083	316.21666666666664
t_AOCS-084	338.6333333333333
t_AOCS-085	324.6333333333333
t_AOCS-086	287.65
t_AOCS-088	310.5
t_AOCS-090	327.6
t_AOCS-091	369.68333333333334
t_AOCS-092	283.3
t_AOCS-093	337.3
t_AOCS-094	245.1
t_AOCS-095	257.31666666666666
t_AOCS-096	345.1166666666667
t_AOCS-097	329.68333333333334
t_AOCS-104	338.23333333333335
t_AOCS-105	312.8
t_AOCS-106	310.98333333333335
t_AOCS-107	229.6
t_AOCS-108	312.4166666666667
t_AOCS-109	330.76666666666665
t_AOCS-111	298.6
t_AOCS-112	304.1333333333333
t_AOCS-113	308.6333333333333
t_AOCS-114	363.06666666666666
t_AOCS-115	376.1333333333333
t_AOCS-116	284.56666666666666
t_AOCS-117	271.5
t_AOCS-119	300.98333333333335
t_AOCS-120	324.18333333333334
t_AOCS-128	269.6
t_AOCS-134	302.46666666666664
t_AOCS-138	300.76666666666665
t_AOCS-139	382.0833333333333
t_AOCS-141	281.45
t_AOCS-142	273.8833333333333
t_AOCS-150	326.65
t_AOCS-153	297.35
t_AOCS-155	346.18333333333334
t_AOCS-157	271.0833333333333
t_AOCS-158	296.71666666666664
t_AOCS-159	283.31666666666666
t_AOCS-160	274.1666666666667
t_AOCS-161	300.55
t_AOCS-162	285.25
t_AOCS-163	239.91666666666666
t_AOCS-164	273.05
t_AOCS-165	247.4
t_AOCS-166	248.48333333333332
t_AOCS-167	254.33333333333334
t_AOCS-168	297.56666666666666
t_AOCS-169	318.1666666666667
t_AOCS-170	329.35
t_AOCS-171	333.18333333333334
t_B087koeln_13264	201.25
t_B087koeln_15239	218.13333333333333
t_B087koeln_15303	261.06666666666666
t_B087koeln_15403	298.95
t_B087koeln_16885	243.21666666666667
t_B087koeln_1695	301.06666666666666
t_B087koeln_17240	228.33333333333334
t_B087koeln_17344	259.15
t_B087koeln_17612	260.6
t_B087koeln_17683	237.58333333333334
t_B087koeln_17831	239.5
t_B087koeln_17861	212.3
t_B087koeln_18478	394.0833333333333
t_B087koeln_18699	319.46666666666664
t_B087koeln_18728	216.65
t_B087koeln_18972	294.06666666666666
t_B087koeln_19073	224.85
t_B087koeln_19537	245.36666666666667
t_B087koeln_19743	243.6
t_B087koeln_19751	295.8
t_B087koeln_19885	238.31666666666666
t_B087koeln_20471	238.3
t_B087koeln_20507	250.61666666666667
t_B087koeln_20807	313.6166666666667
t_B087koeln_20865	189.65
t_B087koeln_20920	262.55
t_B087koeln_21368	216.73333333333332
t_B087koeln_21442	187.35
t_B087koeln_21641	243.21666666666667
t_B087koeln_21776	198.86666666666667
t_B087koeln_21788	254.98333333333332
t_B087koeln_21924	260.98333333333335
t_B087koeln_22265	203.31666666666666
t_B087koeln_22283	282.1333333333333
t_B087koeln_22335	260.1333333333333
t_B087koeln_22388	278.95
t_B087koeln_22396	192.31666666666666
t_B087koeln_22496	508.73333333333335
t_B087koeln_23067	242.1
t_B087koeln_23103	392.96666666666664
t_B087koeln_23122	252.95
t_B087koeln_23206	415.48333333333335
t_B087koeln_23229	254.13333333333333
t_B087koeln_23267	160.96666666666667
t_B087koeln_24478	644.5833333333334
t_B087koeln_24632	682.8333333333334
t_B087koeln_24679	393.9166666666667
t_B087koeln_24702	137.66666666666666
t_B087koeln_24885	412.75
t_B087koeln_25012	121.4
t_B087koeln_25262	159.16666666666666
t_B087koeln_25376	185.83333333333334
t_B087wgs_13169	291.8333333333333
t_B087wgs_13947	499.76666666666665
t_B087wgs_18253	373.8833333333333
t_B087wgs_19073	550.2166666666667
t_B087wgs_19771	666.5833333333334
t_B087wgs_19877	385.6166666666667
t_B087wgs_21009	260.3666666666667
t_B087wgs_21098	375.9166666666667
t_B087wgs_21702	392.56666666666666
t_B087wgs_22496	540.6333333333333
t_B087wgs_22801	772.6
t_B087wgs_23040	529.55
t_B087wgs_23103	509.6666666666667
t_B087wgs_23206	413.2
t_B087wgs_23267	355.15
t_B087wgs_23911	360.28333333333336
t_B087wgs_24478	654.9
t_B087wgs_24632	708.6833333333333
t_B087wgs_24679	377.0
t_B087wgs_24702	428.01666666666665
t_B087wgs_24719	452.75
t_B087wgs_24885	430.26666666666665
t_B087wgs_25012	451.85
t_B087wgs_25114	361.78333333333336
t_B087wgs_25262	324.1333333333333
t_B087wgs_25266	202.3
t_B087wgs_25336	425.75
t_B087wgs_25376	393.81666666666666
t_B087wgs_3664	534.75
t_B087wgs_5563	553.45
t_B087wgs_9243	313.81666666666666
t_BTCA_donor_27	338.5
t_BTCA_donor_A035	337.31666666666666
t_BTCA_donor_A096	280.5833333333333
t_BTCA_donor_A153	325.96666666666664
t_BTCA_donor_B070	338.1666666666667
t_BTCA_donor_B083	299.45
t_BTCA_donor_C080	336.48333333333335
t_BTCA_donor_R149	362.68333333333334
t_BTCA_donor_Y008	375.5
t_BTCA_donor_Y065	326.9166666666667
t_BTCA_donor_Y140	284.76666666666665
t_BTCA_donor_Z2403	304.51666666666665
t_C0001	403.1166666666667
t_C0002	395.28333333333336
t_C0004	511.9
t_C0005	359.0
t_C0006	301.25
t_C0007	322.68333333333334
t_C0008	336.0
t_C0009	361.85
t_C0010	402.6
t_C0011	405.6
t_C0012	559.0666666666667
t_C0013	263.23333333333335
t_C0014	385.75
t_C0015	216.13333333333333
t_C0016	377.98333333333335
t_C0017	276.2
t_C0018	335.5833333333333
t_C0019	325.25
t_C0020	339.35
t_C0021	396.85
t_C0022	267.3666666666667
t_C0023	326.85
t_C0024	288.1333333333333
t_C0025	260.8666666666667
t_C0026	352.21666666666664
t_C0027	399.1
t_C0028	249.21666666666667
t_C0029	316.1333333333333
t_C0030	313.68333333333334
t_C0031	305.3666666666667
t_C0032	402.55
t_C0033	299.9166666666667
t_C0034	337.31666666666666
t_C0035	343.75
t_C0036	343.01666666666665
t_C0037	330.1666666666667
t_C0038	245.8
t_C0039	313.1166666666667
t_C0040	281.4166666666667
t_C0041	352.4166666666667
t_C0042	376.3833333333333
t_C0043	274.06666666666666
t_C0044	161.61666666666667
t_C0045	331.0833333333333
t_C0046	364.46666666666664
t_C0047	264.96666666666664
t_C0048	314.06666666666666
t_C0049	327.71666666666664
t_C0050	357.78333333333336
t_C0051	314.8
t_C0052	297.03333333333336
t_C0053	310.7
t_C0054	312.1166666666667
t_C0055	287.53333333333336
t_C0056	343.1666666666667
t_C0057	325.45
t_C0058	296.93333333333334
t_C0059	291.96666666666664
t_C0060	292.71666666666664
t_C0061	270.95
t_C0062	362.35
t_C0063	285.5833333333333
t_C0064	281.9166666666667
t_C0065	290.51666666666665
t_C0066	275.6166666666667
t_C0067	303.25
t_C0068	298.5833333333333
t_C0069	355.56666666666666
t_C0070	407.15
t_C0071	292.68333333333334
t_C0072	394.75
t_C0073	288.8
t_C0074	265.8666666666667
t_C0075	308.71666666666664
t_C0076	337.9
t_C0077	393.53333333333336
t_C0078	388.8333333333333
t_C0079	320.6
t_C0080	398.53333333333336
t_C0081	385.0
t_C0082	337.25
t_C0083	300.71666666666664
t_C0084	289.4166666666667
t_C0085	315.3666666666667
t_C0086	292.9
t_C0088	319.01666666666665
t_C0089	900.55
t_C0091	441.28333333333336
t_C0092	372.9166666666667
t_C0094	309.73333333333335
t_C0096	277.51666666666665
t_C0097	483.53333333333336
t_C0098	463.03333333333336
t_C0099	516.6333333333333
t_C0100	427.1166666666667
t_CGP_donor_1069291	238.95
t_CGP_donor_1114881	294.75
t_CGP_donor_1114929	252.43333333333334
t_CGP_donor_1114930	245.91666666666666
t_CGP_donor_1163904	290.8666666666667
t_CGP_donor_1167078	241.78333333333333
t_CGP_donor_1167079	293.2
t_CGP_donor_1167080	321.6
t_CGP_donor_1178366_1	216.1
t_CGP_donor_1178366_2	285.25
t_CGP_donor_1178366_3	221.5
t_CGP_donor_1186987	309.65
t_CGP_donor_1186990	266.71666666666664
t_CGP_donor_1187025	340.2
t_CGP_donor_1187030	230.73333333333332
t_CGP_donor_1187031	265.78333333333336
t_CGP_donor_1187033	230.18333333333334
t_CGP_donor_1199104	278.0833333333333
t_CGP_donor_1199129	315.5
t_CGP_donor_1199131	272.3333333333333
t_CGP_donor_1199137	278.21666666666664
t_CGP_donor_1199138	194.53333333333333
t_CGP_donor_1212361	1331.1166666666666
t_CGP_donor_1230722	253.68333333333334
t_CGP_donor_1230724	202.8
t_CGP_donor_1230728	225.28333333333333
t_CGP_donor_1230729	205.08333333333334
t_CGP_donor_1230754	223.96666666666667
t_CGP_donor_1230755	320.3333333333333
t_CGP_donor_1230778	275.5
t_CGP_donor_1230785	256.3333333333333
t_CGP_donor_1230796	477.8
t_CGP_donor_1230797	326.78333333333336
t_CGP_donor_1232859	271.55
t_CGP_donor_1234120	316.5
t_CGP_donor_1234121	260.6
t_CGP_donor_1234122	297.3833333333333
t_CGP_donor_1234123	304.73333333333335
t_CGP_donor_1234124	294.55
t_CGP_donor_1234129	259.9
t_CGP_donor_1309162_1	260.18333333333334
t_CGP_donor_1309162_2	278.8333333333333
t_CGP_donor_1309162_3	278.1
t_CGP_donor_1309223	318.6
t_CGP_donor_1310131	319.96666666666664
t_CGP_donor_1333047	249.53333333333333
t_CGP_donor_1333048	254.88333333333333
t_CGP_donor_1337214	271.35
t_CGP_donor_1337217	380.6166666666667
t_CGP_donor_1337218	262.28333333333336
t_CGP_donor_1337220	282.55
t_CGP_donor_1337222	291.71666666666664
t_CGP_donor_1337223	249.51666666666668
t_CGP_donor_1337225	285.48333333333335
t_CGP_donor_1337226	260.3666666666667
t_CGP_donor_1337230	268.75
t_CGP_donor_1337231	244.7
t_CGP_donor_1337235	276.2
t_CGP_donor_1337236	277.9166666666667
t_CGP_donor_1337237	262.03333333333336
t_CGP_donor_1337238	245.1
t_CGP_donor_1337240	324.03333333333336
t_CGP_donor_1337241	247.13333333333333
t_CGP_donor_1337944_1	240.56666666666666
t_CGP_donor_1337944_2	286.81666666666666
t_CGP_donor_1337966_1	232.66666666666666
t_CGP_donor_1337966_2	289.31666666666666
t_CGP_donor_1338055_1	223.76666666666668
t_CGP_donor_1338055_2	278.6333333333333
t_CGP_donor_1338056_1	247.8
t_CGP_donor_1338056_2	300.6166666666667
t_CGP_donor_1338117_1	284.23333333333335
t_CGP_donor_1338117_2	233.33333333333334
t_CGP_donor_1338117_3	243.2
t_CGP_donor_1338119_1	270.43333333333334
t_CGP_donor_1338119_2	253.83333333333334
t_CGP_donor_1338575_1	246.28333333333333
t_CGP_donor_1338575_2	290.65
t_CGP_donor_1338650_1	212.48333333333332
t_CGP_donor_1338650_2	259.1166666666667
t_CGP_donor_1338695_1	250.2
t_CGP_donor_1338695_2	247.8
t_CGP_donor_1338695_3	287.43333333333334
t_CGP_donor_1347720	287.23333333333335
t_CGP_donor_1347723	308.5833333333333
t_CGP_donor_1347731	289.3833333333333
t_CGP_donor_1347737	304.76666666666665
t_CGP_donor_1347739	234.83333333333334
t_CGP_donor_1347742	304.28333333333336
t_CGP_donor_1347745	262.5833333333333
t_CGP_donor_1347751	285.96666666666664
t_CGP_donor_1347756	266.78333333333336
t_CGP_donor_1347813	277.3833333333333
t_CGP_donor_1353426	289.06666666666666
t_CGP_donor_1353427	395.8333333333333
t_CGP_donor_1353428	461.46666666666664
t_CGP_donor_1353429	430.68333333333334
t_CGP_donor_1353431	343.28333333333336
t_CGP_donor_1353432	270.4
t_CGP_donor_1353434	365.68333333333334
t_CGP_donor_1363963	282.26666666666665
t_CGP_donor_1363965	340.28333333333336
t_CGP_donor_1363969	385.95
t_CGP_donor_1364028	245.81666666666666
t_CGP_donor_1364029	293.78333333333336
t_CGP_donor_1364033	278.15
t_CGP_donor_1364386_1	269.01666666666665
t_CGP_donor_1364386_2	228.9
t_CGP_donor_1364401_1	310.55
t_CGP_donor_1364401_2	213.78333333333333
t_CGP_donor_1364416_1	210.36666666666667
t_CGP_donor_1364416_2	225.15
t_CGP_donor_1364416_3	236.55
t_CGP_donor_1364432_1	223.46666666666667
t_CGP_donor_1364432_2	243.1
t_CGP_donor_1364444_1	236.58333333333334
t_CGP_donor_1364444_2	251.38333333333333
t_CGP_donor_1364465_1	229.96666666666667
t_CGP_donor_1364465_2	217.8
t_CGP_donor_1364470_1	241.91666666666666
t_CGP_donor_1364470_2	280.53333333333336
t_CGP_donor_1374616	265.46666666666664
t_CGP_donor_1374617	305.15
t_CGP_donor_1374618	337.9
t_CGP_donor_1374619	328.3333333333333
t_CGP_donor_1397077	432.0833333333333
t_CGP_donor_1397080	230.35
t_CGP_donor_1397081	279.01666666666665
t_CGP_donor_1397082	248.91666666666666
t_CGP_donor_1397083	427.4166666666667
t_CGP_donor_1397084	257.8333333333333
t_CGP_donor_1397086	242.73333333333332
t_CGP_donor_1397088	260.53333333333336
t_CGP_donor_1397260	280.01666666666665
t_CGP_donor_1397261	262.21666666666664
t_CGP_donor_1397262	257.93333333333334
t_CGP_donor_1397263	272.21666666666664
t_CGP_donor_1397264	294.21666666666664
t_CGP_donor_1397266	294.23333333333335
t_CGP_donor_1397277	329.3833333333333
t_CGP_donor_1397278	286.98333333333335
t_CGP_donor_1397279	307.5
t_CGP_donor_1397281	277.53333333333336
t_CGP_donor_1397282	306.8666666666667
t_CGP_donor_1397284	275.1
t_CGP_donor_1405305_1	293.93333333333334
t_CGP_donor_1405305_2	232.8
t_CGP_donor_1405314_1	258.05
t_CGP_donor_1405314_2	254.4
t_CGP_donor_1410205	219.95
t_CGP_donor_1410210	264.2
t_CGP_donor_1424143	246.58333333333334
t_CGP_donor_1425260	311.73333333333335
t_CGP_donor_1437403	234.13333333333333
t_CGP_donor_1437404	258.85
t_CGP_donor_1437405	223.85
t_CGP_donor_1437406	269.96666666666664
t_CGP_donor_1437407	248.58333333333334
t_CGP_donor_1437408	280.3333333333333
t_CGP_donor_1437409	273.05
t_CGP_donor_1437410	261.96666666666664
t_CGP_donor_1437411	295.95
t_CGP_donor_1437412	296.75
t_CGP_donor_1437413	233.23333333333332
t_CGP_donor_1437414	244.83333333333334
t_CGP_donor_1437415	316.85
t_CGP_donor_1437416	266.43333333333334
t_CGP_donor_1437417	288.03333333333336
t_CGP_donor_1437418	323.4166666666667
t_CGP_donor_1437419	319.6166666666667
t_CGP_donor_1437420	251.03333333333333
t_CGP_donor_1437421	262.1166666666667
t_CGP_donor_1437423	297.93333333333334
t_CGP_donor_1437424	258.2
t_CGP_donor_1437425	229.15
t_CGP_donor_1451422	245.7
t_CGP_donor_1451426	308.21666666666664
t_CGP_donor_1451427	324.4
t_CGP_donor_1456607	235.28333333333333
t_CGP_donor_1463315_1	213.86666666666667
t_CGP_donor_1463315_2	237.66666666666666
t_CGP_donor_1472394	241.85
t_CGP_donor_1472395	251.88333333333333
t_CGP_donor_1475200	294.3
t_CGP_donor_1475201	309.68333333333334
t_CGP_donor_1475202	339.98333333333335
t_CGP_donor_1475256	232.08333333333334
t_CGP_donor_1490908	233.63333333333333
t_CGP_donor_1490914	230.23333333333332
t_CGP_donor_1500976_1	213.4
t_CGP_donor_1500976_2	285.8666666666667
t_CGP_donor_1500978_1	248.61666666666667
t_CGP_donor_1500978_2	259.51666666666665
t_CGP_donor_1500979_1	270.15
t_CGP_donor_1500979_2	250.05
t_CGP_donor_1503014	250.51666666666668
t_CGP_donor_1503016	334.85
t_CGP_donor_1503017	288.0
t_CGP_donor_1503019	275.06666666666666
t_CGP_donor_1503020	298.81666666666666
t_CGP_donor_1503021	236.38333333333333
t_CGP_donor_1503128	473.18333333333334
t_CGP_donor_1503133	337.31666666666666
t_CGP_donor_1503140	276.4
t_CGP_donor_1503143	344.3833333333333
t_CGP_donor_1503150	326.3
t_CGP_donor_1503156	292.1333333333333
t_CGP_donor_1528364	270.78333333333336
t_CGP_donor_1528371	265.1166666666667
t_CGP_donor_1528374	222.88333333333333
t_CGP_donor_1528381	226.4
t_CGP_donor_1600815_1	318.21666666666664
t_CGP_donor_1600815_2	252.23333333333332
t_CGP_donor_1600816_1	280.9166666666667
t_CGP_donor_1600816_2	244.56666666666666
t_CGP_donor_1600817_1	209.88333333333333
t_CGP_donor_1600817_2	286.71666666666664
t_CGP_donor_1600818_1	219.53333333333333
t_CGP_donor_1600818_2	253.21666666666667
t_CGP_donor_1600819_1	217.21666666666667
t_CGP_donor_1602516	270.0833333333333
t_CGP_donor_1602529	281.46666666666664
t_CGP_donor_1605283_1	260.3
t_CGP_donor_1605283_2	311.8333333333333
t_CGP_donor_1606179	255.26666666666668
t_CGP_donor_1635843	254.36666666666667
t_CGP_donor_1635862	253.31666666666666
t_CGP_donor_1654385	238.46666666666667
t_CGP_donor_1691121	253.68333333333334
t_CGP_donor_1691124	218.53333333333333
t_CGP_donor_1691128	243.58333333333334
t_CGP_donor_1691130	246.95
t_CGP_donor_1691131	311.6333333333333
t_CGP_donor_1691132	318.73333333333335
t_CGP_donor_1691133	328.85
t_CGP_donor_1691134	282.23333333333335
t_CGP_donor_1691135	297.73333333333335
t_CGP_donor_1691138	256.3666666666667
t_CGP_donor_1691139	439.3666666666667
t_CGP_donor_1691143	280.26666666666665
t_CGP_donor_1691145	300.23333333333335
t_CGP_donor_1691146	235.56666666666666
t_CGP_donor_1691147	271.0
t_CGP_donor_1691148	337.6666666666667
t_CGP_donor_1691149	252.91666666666666
t_CGP_donor_1691150	307.1333333333333
t_CGP_donor_1691151	308.1666666666667
t_CGP_donor_1691152	300.8333333333333
t_CGP_donor_1691153	299.3333333333333
t_CGP_donor_1691154	318.23333333333335
t_CGP_donor_1691205	251.5
t_CGP_donor_1691206	250.71666666666667
t_CGP_donor_1691207	309.1333333333333
t_CGP_donor_1691208	270.2
t_CGP_donor_1691209	253.75
t_CGP_donor_1691210	254.96666666666667
t_CGP_donor_1691211	251.18333333333334
t_CGP_donor_1691212	221.15
t_CGP_donor_1691213	278.0833333333333
t_CGP_donor_1691214	220.76666666666668
t_CGP_donor_1691215	250.15
t_CGP_donor_1691216	256.75
t_CGP_donor_1691217	275.95
t_CGP_donor_1701345	225.4
t_CGP_donor_1733896_1	247.46666666666667
t_CGP_donor_1733896_2	218.53333333333333
t_CGP_donor_1733897_1	258.9
t_CGP_donor_1733897_2	215.28333333333333
t_CGP_donor_1841267	228.28333333333333
t_CGP_donor_GC00001	207.7
t_CGP_donor_GC00002	213.3
t_CGP_donor_GC00003	224.76666666666668
t_CGP_donor_GC00004	217.0
t_CGP_donor_GC00005	258.23333333333335
t_CGP_donor_GC00006	197.86666666666667
t_CGP_donor_GC00007	183.6
t_CGP_donor_GC00008	187.83333333333334
t_CGP_donor_GC00013	219.31666666666666
t_CGP_donor_GC00014	198.26666666666668
t_CGP_donor_GC00015	252.61666666666667
t_CGP_donor_GC00016	260.73333333333335
t_CGP_donor_GC00017	246.2
t_CGP_donor_GC00018	221.83333333333334
t_CGP_donor_GC00019	233.06666666666666
t_CGP_donor_GC00020	219.71666666666667
t_CGP_donor_GC00021	217.63333333333333
t_CGP_donor_GC00022	226.55
t_CGP_donor_GC00026	215.1
t_CGP_donor_GC00027	198.7
t_CGP_donor_GC00028	218.78333333333333
t_CGP_donor_GC00029	210.88333333333333
t_CGP_donor_GC00030	212.68333333333334
t_CGP_donor_GC00031	247.41666666666666
t_CGP_donor_GC00032	200.21666666666667
t_CGP_donor_GC00033	185.56666666666666
t_CGP_donor_GC00034	221.25
t_CGP_donor_GC00035	195.63333333333333
t_CGP_donor_GC00036	223.1
t_CGP_donor_GC00037	210.58333333333334
t_CGP_donor_GC00038	177.56666666666666
t_CGP_donor_GC00039	210.95
t_CGP_donor_GC00040	196.25
t_CGP_donor_GC00046	184.96666666666667
t_CGP_donor_GC00047	206.25
t_CGP_donor_GC00048	180.76666666666668
t_CGP_donor_GC00049	174.08333333333334
t_CGP_donor_GC00050	220.55
t_CGP_donor_GC00051	201.68333333333334
t_CGP_donor_GC00052	196.96666666666667
t_CGP_donor_GC00053	197.05
t_CGP_donor_GC00054	227.65
t_CHC197	260.4166666666667
t_CHC205	180.38333333333333
t_CHC320	282.5833333333333
t_CHC322	176.88333333333333
t_CHC429	239.01666666666668
t_CHC433	195.98333333333332
t_CPCG0001	575.85
t_CPCG0003	355.3
t_CPCG0006	349.18333333333334
t_CPCG0020	418.46666666666664
t_CPCG0040	400.18333333333334
t_CPCG0046	749.55
t_CPCG0047	414.4166666666667
t_CPCG0048	442.6333333333333
t_CPCG0057	340.6666666666667
t_CPCG0063	372.48333333333335
t_CPCG0073	401.3
t_CPCG0078	367.85
t_CPCG0081	466.3833333333333
t_CPCG0083	310.76666666666665
t_CPCG0087	401.26666666666665
t_CPCG0094	421.28333333333336
t_CPCG0095	362.26666666666665
t_CPCG0098	343.56666666666666
t_CPCG0099	415.03333333333336
t_CPCG0102	472.26666666666665
t_CPCG0114	394.18333333333334
t_CPCG0117	413.6333333333333
t_CPCG0121	460.0833333333333
t_CPCG0123	484.95
t_CPCG0124	435.56666666666666
t_CPCG0127	354.1166666666667
t_CPCG0128	465.68333333333334
t_CPCG0154	430.56666666666666
t_CPCG0158	345.03333333333336
t_CPCG0166	396.1666666666667
t_CPCG0182	406.93333333333334
t_CPCG0183	478.51666666666665
t_CPCG0184	554.6166666666667
t_CPCG0185	440.8833333333333
t_CPCG0189	443.4166666666667
t_CPCG0190	507.51666666666665
t_CPCG0191	411.1
t_CPCG0196	403.3
t_CPCG0199	396.23333333333335
t_CPCG0201	405.45
t_CPCG0203	401.25
t_CPCG0205	413.31666666666666
t_CPCG0206	407.53333333333336
t_CPCG0208	362.53333333333336
t_CPCG0210	358.2
t_CPCG0211	375.78333333333336
t_CPCG0212	472.85
t_CPCG0213	381.46666666666664
t_CPCG0217	481.35
t_CPCG0232	384.9
t_CPCG0233	395.1
t_CPCG0234	433.6333333333333
t_CPCG0236	406.3
t_CPCG0238	436.71666666666664
t_CPCG0241	446.8666666666667
t_CPCG0242	371.03333333333336
t_CPCG0246	419.71666666666664
t_CPCG0248	430.7
t_CPCG0249	421.43333333333334
t_CPCG0250	366.06666666666666
t_CPCG0251	410.0833333333333
t_CPCG0255	386.31666666666666
t_CPCG0256	367.8
t_CPCG0258	496.5833333333333
t_CPCG0259	356.76666666666665
t_CPCG0260	494.8
t_CPCG0262	408.2
t_CPCG0263	394.1333333333333
t_CPCG0265	357.98333333333335
t_CPCG0266	414.71666666666664
t_CPCG0267	420.21666666666664
t_CPCG0268	394.5
t_CPCG0269	401.28333333333336
t_CPCG0324	364.68333333333334
t_CPCG0331	371.8333333333333
t_CPCG0334	450.8333333333333
t_CPCG0336	407.4
t_CPCG0339	448.9166666666667
t_CPCG0340	345.3666666666667
t_CPCG0341	335.9
t_CPCG0342	365.3666666666667
t_CPCG0344	447.9
t_CPCG0345	372.3333333333333
t_CPCG0346	553.4333333333333
t_CPCG0348	381.21666666666664
t_CPCG0350	357.96666666666664
t_CPCG0352	387.1333333333333
t_CPCG0353	457.3
t_CPCG0354	436.6333333333333
t_CPCG0355	439.71666666666664
t_CPCG0356	406.0833333333333
t_CPCG0357	409.85
t_CPCG0358	373.18333333333334
t_CPCG0360	394.8
t_CPCG0361	639.35
t_CPCG0362	351.23333333333335
t_CPCG0363	394.6166666666667
t_CPCG0364	572.5666666666667
t_CPCG0365	416.1
t_CPCG0366	432.75
t_CPCG0368	380.4
t_CPCG0369	411.6
t_CPCG0371	354.53333333333336
t_CPCG0372	351.6
t_CPCG0373	273.28333333333336
t_CPCG0374	463.56666666666666
t_CPCG0375	403.06666666666666
t_CPCG0378	434.56666666666666
t_CPCG0379	402.1166666666667
t_CPCG0380	363.2
t_CPCG0381	353.21666666666664
t_CPCG0387	407.8333333333333
t_CPCG0388	394.2
t_CPCG0391	464.71666666666664
t_CPCG0392	411.95
t_CPCG0401	408.3
t_CPCG0404	412.8
t_CPCG0407	375.46666666666664
t_CPCG0409	396.4166666666667
t_CPCG0410	383.53333333333336
t_CPCG0411	398.8833333333333
t_CPCG0412	385.0833333333333
t_CPCG0413	359.6333333333333
t_CPCG0414	373.51666666666665
t_EOPC-01	313.23333333333335
t_EOPC-010	297.53333333333336
t_EOPC-011	176.4
t_EOPC-017	261.15
t_EOPC-018	249.5
t_EOPC-019	211.11666666666667
t_EOPC-02	346.2
t_EOPC-021	266.3
t_EOPC-022	250.51666666666668
t_EOPC-023	311.06666666666666
t_EOPC-024	252.21666666666667
t_EOPC-025	254.08333333333334
t_EOPC-026	254.1
t_EOPC-027_1	210.68333333333334
t_EOPC-027_2	238.3
t_EOPC-028_1	237.3
t_EOPC-028_2	253.96666666666667
t_EOPC-029	322.0833333333333
t_EOPC-03	455.2
t_EOPC-030	342.28333333333336
t_EOPC-031	337.78333333333336
t_EOPC-032	223.18333333333334
t_EOPC-033	239.9
t_EOPC-034_1	302.56666666666666
t_EOPC-034_2	249.71666666666667
t_EOPC-034_3	228.46666666666667
t_EOPC-034_4	200.0
t_EOPC-034_5	251.05
t_EOPC-034_6	246.66666666666666
t_EOPC-035_1	273.56666666666666
t_EOPC-035_2	313.71666666666664
t_EOPC-035_3	215.33333333333334
t_EOPC-035_4	210.98333333333332
t_EOPC-035_5	189.7
t_EOPC-035_6	196.31666666666666
t_EOPC-036_1	290.5
t_EOPC-036_2	377.8333333333333
t_EOPC-036_3	356.4166666666667
t_EOPC-036_4	265.95
t_EOPC-036_5	303.1166666666667
t_EOPC-037_1	378.26666666666665
t_EOPC-037_2	331.01666666666665
t_EOPC-037_3	282.2
t_EOPC-037_4	288.03333333333336
t_EOPC-037_5	319.0
t_EOPC-037_6	319.8333333333333
t_EOPC-038_1	256.18333333333334
t_EOPC-038_2	293.93333333333334
t_EOPC-038_3	286.96666666666664
t_EOPC-038_4	287.05
t_EOPC-038_5	285.96666666666664
t_EOPC-038_6	289.75
t_EOPC-04	224.81666666666666
t_EOPC-040_1	379.46666666666664
t_EOPC-040_2	337.8
t_EOPC-041	314.85
t_EOPC-048	287.51666666666665
t_EOPC-049	314.98333333333335
t_EOPC-05	184.25
t_EOPC-051	265.96666666666664
t_EOPC-052	314.51666666666665
t_EOPC-053	298.18333333333334
t_EOPC-054	324.75
t_EOPC-056	310.4166666666667
t_EOPC-057	297.23333333333335
t_EOPC-058	351.3833333333333
t_EOPC-06	209.25
t_EOPC-07	181.2
t_EOPC-08	236.91666666666666
t_EOPC-09	213.91666666666666
t_EOPC-1010	180.41666666666666
t_H032-7M5S	218.03333333333333
t_H032-8UZO	216.0
t_H032-D4PV	251.3
t_H032-F712	221.45
t_H032-FMUS	211.75
t_H032-M30L	229.33333333333334
t_H032-P001	396.23333333333335
t_H032-P002	537.7666666666667
t_H032-VN5N	233.78333333333333
t_H032-VPVQ	247.75
t_H032-Y0L3	235.83333333333334
t_H032-Y42K	221.23333333333332
t_H049-0CWK	215.73333333333332
t_H049-5XQV	178.2
t_H049-72FV	183.23333333333332
t_H049-7SD3	221.21666666666667
t_H049-9PNE	228.26666666666668
t_H049-AVEZ	234.58333333333334
t_H049-CELK	207.51666666666668
t_H049-DQGS	199.48333333333332
t_H049-FG38	221.88333333333333
t_H049-GP41	234.71666666666667
t_H049-GWNW	249.15
t_H049-JVCT	217.21666666666667
t_H049-LPDZ	203.51666666666668
t_H049-PF1J	187.21666666666667
t_H049-SPP6	190.9
t_H049-UV6K	206.96666666666667
t_H049-VQ3Q	267.3333333333333
t_H049-WB9V	214.45
t_H049-ZB97	253.41666666666666
t_H050-0GUK	422.1166666666667
t_H050-46JU	237.73333333333332
t_H050-5GF8	217.31666666666666
t_H050-6K3Z	201.98333333333332
t_H050-7A6J	394.8833333333333
t_H050-D7C3	229.28333333333333
t_H050-D8YC	224.76666666666668
t_H050-DDPV	273.01666666666665
t_H050-JVA9	462.81666666666666
t_H050-K5AJ	243.63333333333333
t_H050-P2MC	224.85
t_H050-SECM	249.25
t_H050-SLYN	495.6
t_H050-T0SR	197.35
t_H050-TY1U	202.66666666666666
t_H050-UWUJ	255.15
t_H050-W01L	214.93333333333334
t_HX10	499.5833333333333
t_HX11	416.6666666666667
t_HX12	456.8833333333333
t_HX13	493.15
t_HX14	321.23333333333335
t_HX15	400.9166666666667
t_HX16	389.51666666666665
t_HX17	269.43333333333334
t_HX18	345.28333333333336
t_HX19	322.78333333333336
t_HX20	277.35
t_HX21	357.48333333333335
t_HX22	237.25
t_HX23	342.31666666666666
t_HX24	369.95
t_HX25	885.15
t_HX26	415.23333333333335
t_HX27	416.81666666666666
t_HX28	607.65
t_HX29	360.56666666666666
t_HX30	453.4
t_HX31	458.31666666666666
t_HX32	429.4
t_HX33	299.56666666666666
t_HX34	402.1333333333333
t_HX35	239.51666666666668
t_HX36	347.35
t_HX37	440.75
t_HX4	369.98333333333335
t_HX5	246.55
t_HX9	312.51666666666665
t_ICGC_0006	376.0833333333333
t_ICGC_0007	305.9166666666667
t_ICGC_0009	347.28333333333336
t_ICGC_0020	393.48333333333335
t_ICGC_0021	288.23333333333335
t_ICGC_0025	352.81666666666666
t_ICGC_0026	305.78333333333336
t_ICGC_0031	320.6666666666667
t_ICGC_0033	390.96666666666664
t_ICGC_0037	500.6666666666667
t_ICGC_0048	515.6666666666666
t_ICGC_0051	408.1666666666667
t_ICGC_0052	314.1
t_ICGC_0053	324.56666666666666
t_ICGC_0054	251.98333333333332
t_ICGC_0055	372.95
t_ICGC_0059	406.75
t_ICGC_0061	333.3333333333333
t_ICGC_0063	353.8833333333333
t_ICGC_0066	331.05
t_ICGC_0067	709.6
t_ICGC_0069	386.6333333333333
t_ICGC_0075	403.6
t_ICGC_0087	595.4666666666667
t_ICGC_0088	706.3166666666667
t_ICGC_0099	516.05
t_ICGC_0103	371.8666666666667
t_ICGC_0105	459.35
t_ICGC_0108	296.8333333333333
t_ICGC_0109	537.4
t_ICGC_0114	407.15
t_ICGC_0115	523.3833333333333
t_ICGC_0124	376.3666666666667
t_ICGC_0134	461.71666666666664
t_ICGC_0135	519.6333333333333
t_ICGC_0139	505.75
t_ICGC_0140	390.3333333333333
t_ICGC_0141	235.76666666666668
t_ICGC_0143	529.85
t_ICGC_0144	471.51666666666665
t_ICGC_0146	462.06666666666666
t_ICGC_0149	461.7
t_ICGC_0150	328.4
t_ICGC_0153	404.1
t_ICGC_0169	410.06666666666666
t_ICGC_0185	467.96666666666664
t_ICGC_0188	480.51666666666665
t_ICGC_0192	493.5
t_ICGC_0199	426.48333333333335
t_ICGC_0201	404.0833333333333
t_ICGC_0205	408.6166666666667
t_ICGC_0206	372.8
t_ICGC_0207	370.31666666666666
t_ICGC_0212	401.95
t_ICGC_0214	375.93333333333334
t_ICGC_0215	497.15
t_ICGC_0217	343.85
t_ICGC_0223	449.1
t_ICGC_0224	363.93333333333334
t_ICGC_0227	428.7
t_ICGC_0230	345.6666666666667
t_ICGC_0235	207.28333333333333
t_ICGC_0287	474.0
t_ICGC_0295	371.8666666666667
t_ICGC_0296	373.1666666666667
t_ICGC_0300	309.55
t_ICGC_0301	466.21666666666664
t_ICGC_0303	302.6
t_ICGC_0304	394.95
t_ICGC_0309	297.3333333333333
t_ICGC_0312	328.6
t_ICGC_0313	423.3666666666667
t_ICGC_0315	364.95
t_ICGC_0321	360.4166666666667
t_ICGC_0326	324.95
t_ICGC_0338	393.96666666666664
t_ICGC_0354	573.4666666666667
t_ICGC_0365	594.2333333333333
t_ICGC_0391	530.7333333333333
t_ICGC_0392	528.0
t_ICGC_0393	573.2
t_ICGC_0395	591.1333333333333
t_ICGC_0406	581.0333333333333
t_ICGC_0412	528.5166666666667
t_ICGC_0415	483.96666666666664
t_ICGC_0417	513.6333333333333
t_ICGC_0419	545.2333333333333
t_ICGC_0420	574.3833333333333
t_ICGC_0425	427.2
t_ICGC_0427	332.3666666666667
t_ICGC_0428	263.4
t_ICGC_0431	312.95
t_ICGC_0432	350.3
t_ICGC_0433	443.3666666666667
t_ICGC_0434	435.06666666666666
t_ICGC_0435	387.55
t_ICGC_0436	401.51666666666665
t_ICGC_0437	433.7
t_ICGC_0438	506.1166666666667
t_ICGC_0439	367.01666666666665
t_ICGC_0440	400.25
t_ICGC_0441	432.21666666666664
t_ICGC_0443	391.3833333333333
t_ICGC_0446	278.03333333333336
t_ICGC_0447	441.81666666666666
t_ICGC_0449	494.1166666666667
t_ICGC_0452	361.4166666666667
t_ICGC_0453	330.26666666666665
t_ICGC_0455	343.55
t_ICGC_0456	286.5
t_ICGC_0457	419.3333333333333
t_ICGC_0459	304.85
t_ICGC_0486	445.3333333333333
t_ICGC_0489	401.8
t_ICGC_0491	348.48333333333335
t_ICGC_0492	430.5833333333333
t_ICGC_0497	339.76666666666665
t_ICGC_0498	355.6333333333333
t_ICGC_0500	335.8333333333333
t_ICGC_0501	316.0833333333333
t_ICGC_0502	450.76666666666665
t_ICGC_0503	416.65
t_ICGC_0507	488.55
t_ICGC_0518	359.9
t_ICGC_0521	462.75
t_ICGC_0522	491.7
t_ICGC_0526	410.3
t_ICGC_0533	409.8
t_ICGC_0535	310.05
t_ICGC_0536	338.3833333333333
t_ICGC_0543	400.1666666666667
t_ICGC_GBM1	245.41666666666666
t_ICGC_GBM100	181.65
t_ICGC_GBM105	210.23333333333332
t_ICGC_GBM106	237.28333333333333
t_ICGC_GBM11	259.8666666666667
t_ICGC_GBM15	243.7
t_ICGC_GBM16	242.48333333333332
t_ICGC_GBM17	207.21666666666667
t_ICGC_GBM18	219.45
t_ICGC_GBM19	244.28333333333333
t_ICGC_GBM2	263.3
t_ICGC_GBM22	204.0
t_ICGC_GBM23	206.2
t_ICGC_GBM24	201.21666666666667
t_ICGC_GBM25	230.25
t_ICGC_GBM26	212.95
t_ICGC_GBM27	183.13333333333333
t_ICGC_GBM28	233.0
t_ICGC_GBM32	244.15
t_ICGC_GBM33	224.65
t_ICGC_GBM34	266.35
t_ICGC_GBM36	211.88333333333333
t_ICGC_GBM38	218.91666666666666
t_ICGC_GBM4	235.31666666666666
t_ICGC_GBM42	211.9
t_ICGC_GBM43	168.56666666666666
t_ICGC_GBM44	180.61666666666667
t_ICGC_GBM45	186.3
t_ICGC_GBM46	218.18333333333334
t_ICGC_GBM48	212.83333333333334
t_ICGC_GBM49	203.48333333333332
t_ICGC_GBM5	256.6333333333333
t_ICGC_GBM50	232.48333333333332
t_ICGC_GBM52	191.01666666666668
t_ICGC_GBM53	198.31666666666666
t_ICGC_GBM54	248.38333333333333
t_ICGC_GBM55	197.0
t_ICGC_GBM56	174.23333333333332
t_ICGC_GBM57	196.73333333333332
t_ICGC_GBM58	278.0833333333333
t_ICGC_GBM59	212.3
t_ICGC_GBM6	246.65
t_ICGC_GBM60	256.4
t_ICGC_GBM61	221.5
t_ICGC_GBM62	226.86666666666667
t_ICGC_GBM63	210.96666666666667
t_ICGC_GBM65	234.25
t_ICGC_GBM66	225.95
t_ICGC_GBM67	213.75
t_ICGC_GBM7	243.71666666666667
t_ICGC_GBM71	209.63333333333333
t_ICGC_GBM73	197.56666666666666
t_ICGC_GBM79	203.9
t_ICGC_GBM82	192.13333333333333
t_ICGC_GBM83	196.45
t_ICGC_GBM84	180.88333333333333
t_ICGC_GBM85	202.08333333333334
t_ICGC_GBM86	204.26666666666668
t_ICGC_GBM9	246.6
t_ICGC_GBM95	215.65
t_ICGC_GBM96	185.28333333333333
t_ICGC_GBM97	195.43333333333334
t_ICGC_GBM98	182.48333333333332
t_ICGC_LFS_MB1	184.51666666666668
t_ICGC_LFS_MB2	212.28333333333333
t_ICGC_MB1	231.98333333333332
t_ICGC_MB101	181.48333333333332
t_ICGC_MB102	191.6
t_ICGC_MB104	193.76666666666668
t_ICGC_MB106	255.38333333333333
t_ICGC_MB107	218.9
t_ICGC_MB108	261.68333333333334
t_ICGC_MB110	252.15
t_ICGC_MB111	215.75
t_ICGC_MB112	224.03333333333333
t_ICGC_MB113	238.36666666666667
t_ICGC_MB114	216.28333333333333
t_ICGC_MB115	233.73333333333332
t_ICGC_MB117	234.1
t_ICGC_MB118	229.86666666666667
t_ICGC_MB119	221.41666666666666
t_ICGC_MB12	292.6166666666667
t_ICGC_MB121	246.36666666666667
t_ICGC_MB122	202.66666666666666
t_ICGC_MB124	246.93333333333334
t_ICGC_MB125	255.41666666666666
t_ICGC_MB126	191.51666666666668
t_ICGC_MB128	244.96666666666667
t_ICGC_MB129	240.2
t_ICGC_MB130	231.4
t_ICGC_MB131	165.58333333333334
t_ICGC_MB132	186.73333333333332
t_ICGC_MB134	210.75
t_ICGC_MB136	191.58333333333334
t_ICGC_MB137	226.75
t_ICGC_MB139	216.16666666666666
t_ICGC_MB14	122.11666666666666
t_ICGC_MB140	222.61666666666667
t_ICGC_MB141	208.85
t_ICGC_MB142	228.9
t_ICGC_MB143	326.81666666666666
t_ICGC_MB144	225.85
t_ICGC_MB145	266.15
t_ICGC_MB146	234.25
t_ICGC_MB147	801.8833333333333
t_ICGC_MB148	237.55
t_ICGC_MB149	552.25
t_ICGC_MB15	264.81666666666666
t_ICGC_MB151	196.46666666666667
t_ICGC_MB152	162.66666666666666
t_ICGC_MB153	212.05
t_ICGC_MB154	267.7
t_ICGC_MB155	197.78333333333333
t_ICGC_MB157	221.93333333333334
t_ICGC_MB159	224.7
t_ICGC_MB16	255.45
t_ICGC_MB160	239.66666666666666
t_ICGC_MB161	202.48333333333332
t_ICGC_MB163	241.76666666666668
t_ICGC_MB164	273.95
t_ICGC_MB165	245.35
t_ICGC_MB166	235.0
t_ICGC_MB167	238.78333333333333
t_ICGC_MB168	212.81666666666666
t_ICGC_MB170	218.46666666666667
t_ICGC_MB171	243.35
t_ICGC_MB172	264.5833333333333
t_ICGC_MB174	238.38333333333333
t_ICGC_MB175	250.61666666666667
t_ICGC_MB176	245.26666666666668
t_ICGC_MB177	228.85
t_ICGC_MB178	225.31666666666666
t_ICGC_MB179	236.85
t_ICGC_MB18	250.55
t_ICGC_MB180	233.11666666666667
t_ICGC_MB181	250.85
t_ICGC_MB182	189.63333333333333
t_ICGC_MB183	208.35
t_ICGC_MB184	197.2
t_ICGC_MB185	211.86666666666667
t_ICGC_MB187	270.76666666666665
t_ICGC_MB188	257.96666666666664
t_ICGC_MB189	222.63333333333333
t_ICGC_MB19	208.78333333333333
t_ICGC_MB190	217.38333333333333
t_ICGC_MB193	226.5
t_ICGC_MB194	245.8
t_ICGC_MB198	225.21666666666667
t_ICGC_MB199	227.16666666666666
t_ICGC_MB2	265.95
t_ICGC_MB20	203.93333333333334
t_ICGC_MB204	244.45
t_ICGC_MB205	260.1166666666667
t_ICGC_MB206	229.38333333333333
t_ICGC_MB208	258.53333333333336
t_ICGC_MB21	335.3333333333333
t_ICGC_MB211	225.18333333333334
t_ICGC_MB213	228.38333333333333
t_ICGC_MB214	222.25
t_ICGC_MB216	229.08333333333334
t_ICGC_MB217	228.26666666666668
t_ICGC_MB224	263.78333333333336
t_ICGC_MB225	239.73333333333332
t_ICGC_MB226	208.51666666666668
t_ICGC_MB227	180.41666666666666
t_ICGC_MB228	233.25
t_ICGC_MB229	200.91666666666666
t_ICGC_MB23	231.03333333333333
t_ICGC_MB230	247.41666666666666
t_ICGC_MB232	202.41666666666666
t_ICGC_MB233	204.11666666666667
t_ICGC_MB234	196.83333333333334
t_ICGC_MB235	240.95
t_ICGC_MB236	188.3
t_ICGC_MB237	191.08333333333334
t_ICGC_MB239	194.85
t_ICGC_MB24	316.75
t_ICGC_MB240	279.75
t_ICGC_MB241	201.11666666666667
t_ICGC_MB242	213.7
t_ICGC_MB243	217.08333333333334
t_ICGC_MB244	276.0
t_ICGC_MB246	275.68333333333334
t_ICGC_MB247	240.78333333333333
t_ICGC_MB248	230.68333333333334
t_ICGC_MB249	253.63333333333333
t_ICGC_MB250	282.68333333333334
t_ICGC_MB252	227.56666666666666
t_ICGC_MB256	232.3
t_ICGC_MB26	208.76666666666668
t_ICGC_MB260	227.51666666666668
t_ICGC_MB261	210.16666666666666
t_ICGC_MB262	197.2
t_ICGC_MB264	230.31666666666666
t_ICGC_MB265	189.18333333333334
t_ICGC_MB266	214.43333333333334
t_ICGC_MB268	187.48333333333332
t_ICGC_MB269	195.96666666666667
t_ICGC_MB270	214.03333333333333
t_ICGC_MB271	198.66666666666666
t_ICGC_MB272	193.9
t_ICGC_MB274	195.63333333333333
t_ICGC_MB275	192.4
t_ICGC_MB276	204.43333333333334
t_ICGC_MB277	201.63333333333333
t_ICGC_MB278	200.43333333333334
t_ICGC_MB279	183.6
t_ICGC_MB28	208.88333333333333
t_ICGC_MB280	202.56666666666666
t_ICGC_MB281	206.91666666666666
t_ICGC_MB282	181.38333333333333
t_ICGC_MB284	214.73333333333332
t_ICGC_MB285	191.75
t_ICGC_MB286	216.41666666666666
t_ICGC_MB287	174.33333333333334
t_ICGC_MB288	235.56666666666666
t_ICGC_MB289	227.46666666666667
t_ICGC_MB290	201.15
t_ICGC_MB291	226.08333333333334
t_ICGC_MB292	216.6
t_ICGC_MB293	239.46666666666667
t_ICGC_MB294	246.88333333333333
t_ICGC_MB295	204.88333333333333
t_ICGC_MB296	199.93333333333334
t_ICGC_MB297	205.7
t_ICGC_MB299	210.9
t_ICGC_MB3	318.3333333333333
t_ICGC_MB302	234.73333333333332
t_ICGC_MB303	294.75
t_ICGC_MB304	185.05
t_ICGC_MB305	332.56666666666666
t_ICGC_MB306	349.8666666666667
t_ICGC_MB307	203.35
t_ICGC_MB309	187.13333333333333
t_ICGC_MB31	184.0
t_ICGC_MB32	305.18333333333334
t_ICGC_MB34	212.08333333333334
t_ICGC_MB35	194.13333333333333
t_ICGC_MB36	165.35
t_ICGC_MB37	176.43333333333334
t_ICGC_MB38	229.33333333333334
t_ICGC_MB39	228.9
t_ICGC_MB40	325.06666666666666
t_ICGC_MB45	213.36666666666667
t_ICGC_MB46	263.3
t_ICGC_MB49	175.0
t_ICGC_MB5	214.4
t_ICGC_MB50	355.1
t_ICGC_MB51	270.1333333333333
t_ICGC_MB518	225.68333333333334
t_ICGC_MB53	306.73333333333335
t_ICGC_MB54	236.58333333333334
t_ICGC_MB56	190.26666666666668
t_ICGC_MB57	252.41666666666666
t_ICGC_MB58	198.4
t_ICGC_MB59	191.06666666666666
t_ICGC_MB6	232.8
t_ICGC_MB60	269.3
t_ICGC_MB61	303.78333333333336
t_ICGC_MB612	181.78333333333333
t_ICGC_MB62	198.08333333333334
t_ICGC_MB63	225.58333333333334
t_ICGC_MB64	187.93333333333334
t_ICGC_MB65	189.21666666666667
t_ICGC_MB66	193.81666666666666
t_ICGC_MB67	190.11666666666667
t_ICGC_MB68	188.31666666666666
t_ICGC_MB7	202.05
t_ICGC_MB70	199.36666666666667
t_ICGC_MB71	215.8
t_ICGC_MB74	194.56666666666666
t_ICGC_MB75	221.55
t_ICGC_MB76	265.6
t_ICGC_MB77	268.25
t_ICGC_MB78	249.23333333333332
t_ICGC_MB79	209.16666666666666
t_ICGC_MB8	255.76666666666668
t_ICGC_MB800	268.6166666666667
t_ICGC_MB81	219.26666666666668
t_ICGC_MB82	216.6
t_ICGC_MB83	218.91666666666666
t_ICGC_MB84	174.31666666666666
t_ICGC_MB85	198.75
t_ICGC_MB86	194.75
t_ICGC_MB88	212.9
t_ICGC_MB89	205.56666666666666
t_ICGC_MB9	209.25
t_ICGC_MB90	227.68333333333334
t_ICGC_MB91	193.93333333333334
t_ICGC_MB92	210.35
t_ICGC_MB94	248.85
t_ICGC_MB95	211.43333333333334
t_ICGC_MB96	178.73333333333332
t_ICGC_MB98	225.35
t_ICGC_MB99	246.83333333333334
t_ICGC_PA10	204.23333333333332
t_ICGC_PA100	205.45
t_ICGC_PA102	216.96666666666667
t_ICGC_PA103	202.7
t_ICGC_PA105	152.16666666666666
t_ICGC_PA107	239.36666666666667
t_ICGC_PA108	217.16666666666666
t_ICGC_PA109	234.88333333333333
t_ICGC_PA11	266.2
t_ICGC_PA110	313.26666666666665
t_ICGC_PA112	301.03333333333336
t_ICGC_PA116	278.56666666666666
t_ICGC_PA117	263.81666666666666
t_ICGC_PA12	243.98333333333332
t_ICGC_PA126	182.58333333333334
t_ICGC_PA129	192.88333333333333
t_ICGC_PA131	235.35
t_ICGC_PA134	210.41666666666666
t_ICGC_PA135	205.93333333333334
t_ICGC_PA136	227.91666666666666
t_ICGC_PA138	264.51666666666665
t_ICGC_PA14	217.8
t_ICGC_PA140	198.48333333333332
t_ICGC_PA142	199.53333333333333
t_ICGC_PA143	243.86666666666667
t_ICGC_PA144	214.93333333333334
t_ICGC_PA145	230.75
t_ICGC_PA147	257.31666666666666
t_ICGC_PA148	215.15
t_ICGC_PA150	218.78333333333333
t_ICGC_PA157	208.16666666666666
t_ICGC_PA158	281.85
t_ICGC_PA159	295.53333333333336
t_ICGC_PA161	219.36666666666667
t_ICGC_PA162	269.9166666666667
t_ICGC_PA163	208.66666666666666
t_ICGC_PA165	213.76666666666668
t_ICGC_PA166	260.3333333333333
t_ICGC_PA17	268.6166666666667
t_ICGC_PA20	184.6
t_ICGC_PA21	231.18333333333334
t_ICGC_PA22	217.91666666666666
t_ICGC_PA24	264.3833333333333
t_ICGC_PA25	249.68333333333334
t_ICGC_PA27	201.88333333333333
t_ICGC_PA28	177.3
t_ICGC_PA29	227.23333333333332
t_ICGC_PA3	262.68333333333334
t_ICGC_PA30	223.26666666666668
t_ICGC_PA33	246.13333333333333
t_ICGC_PA34	237.26666666666668
t_ICGC_PA36	244.88333333333333
t_ICGC_PA37	230.75
t_ICGC_PA39	221.05
t_ICGC_PA4	274.25
t_ICGC_PA41	251.71666666666667
t_ICGC_PA42	259.2
t_ICGC_PA43	276.48333333333335
t_ICGC_PA46	202.95
t_ICGC_PA48	228.75
t_ICGC_PA5	202.81666666666666
t_ICGC_PA50	194.63333333333333
t_ICGC_PA53	232.81666666666666
t_ICGC_PA55	295.98333333333335
t_ICGC_PA56	297.6
t_ICGC_PA58	208.36666666666667
t_ICGC_PA59	247.06666666666666
t_ICGC_PA62	255.73333333333332
t_ICGC_PA63	221.41666666666666
t_ICGC_PA64	238.83333333333334
t_ICGC_PA65	225.98333333333332
t_ICGC_PA69	184.48333333333332
t_ICGC_PA70	242.73333333333332
t_ICGC_PA71	201.81666666666666
t_ICGC_PA73	276.71666666666664
t_ICGC_PA75	220.26666666666668
t_ICGC_PA79	212.33333333333334
t_ICGC_PA8	256.3833333333333
t_ICGC_PA81	222.15
t_ICGC_PA82	204.6
t_ICGC_PA83	180.2
t_ICGC_PA84	216.3
t_ICGC_PA85	168.15
t_ICGC_PA86	197.45
t_ICGC_PA87	178.55
t_ICGC_PA88	170.85
t_ICGC_PA89	187.95
t_ICGC_PA9	178.71666666666667
t_ICGC_PA91	207.75
t_ICGC_PA92	186.83333333333334
t_ICGC_PA93	206.1
t_ICGC_PA94	214.16666666666666
t_ICGC_PA95	197.58333333333334
t_ICGC_PA96	184.0
t_ICGC_PA97	139.21666666666667
t_ICGC_PA99	177.98333333333332
t_ICGC_PNET01	193.35
t_ICGC_PNET02	219.36666666666667
t_ICGC_PNET03	219.46666666666667
t_ICGC_PNET04	220.73333333333332
t_ICGC_PNET05	191.05
t_ICGC_PNET07	231.1
t_ITNET-0020	323.7
t_ITNET-0026	324.18333333333334
t_ITNET-0028	307.85
t_ITNET-0052	555.8333333333334
t_ITNET-0087	286.31666666666666
t_ITNET-0100	247.38333333333333
t_ITNET-0107	499.9
t_ITNET-0118	349.73333333333335
t_ITNET-0124	276.6
t_ITNET-0128	295.7
t_ITNET-0134	570.2666666666667
t_ITNET-0144	506.5
t_ITNET-0148	663.4333333333333
t_ITNET-0151	450.8833333333333
t_ITNET-0152	341.3333333333333
t_ITNET-0673	368.51666666666665
t_ITNET-0681	398.8666666666667
t_ITNET-0695	384.5
t_ITNET-0700	386.3333333333333
t_ITNET-0783	406.48333333333335
t_ITNET-0797	483.98333333333335
t_ITNET-0809	467.5833333333333
t_ITNET-0813	366.23333333333335
t_ITNET-0833	433.26666666666665
t_ITNET-0850	391.93333333333334
t_ITNET-0900	390.9166666666667
t_ITNET-0911	373.6166666666667
t_ITNET-0935	396.3833333333333
t_ITNET-0938	389.76666666666665
t_ITNET-0941	318.68333333333334
t_ITNET-0962	386.3833333333333
t_ITNET-0968	372.23333333333335
t_ITNET-0993	390.43333333333334
t_ITNET-1000	401.4
t_ITNET-1001	367.3
t_ITNET-1027	372.31666666666666
t_ITNET-1044	316.1666666666667
t_ITNET-1047	345.8
t_ITNET-1050	364.15
t_ITNET-1053	289.5833333333333
t_ITNET-1081	377.55
t_ITNET-1257	347.05
t_ITNET-1265	377.21666666666664
t_ITNET-1266	413.4166666666667
t_ITNET-1270	405.68333333333334
t_ITNET-1273	320.8666666666667
t_ITNET-1286	329.03333333333336
t_ITNET-1288	300.45
t_ITNET-1293	226.91666666666666
t_ITNET-1301	294.6666666666667
t_ITNET-1304	331.4
t_ITNET-1308	380.06666666666666
t_ITNET-1309	329.8666666666667
t_ITNET-1312	341.85
t_ITNET-1314	335.8
t_ITNET-1317	342.5
t_ITNET-1320	266.9
t_MBRep_T27	218.21666666666667
t_MBRep_T36	197.31666666666666
t_MBRep_T38	195.15
t_MBRep_T40	218.1
t_MBRep_T41	223.5
t_MBRep_T54	237.15
t_MBRep_T67	219.0
t_MBRep_T70	241.06666666666666
t_MBRep_T71	260.75
t_MBRep_T72	242.35
t_MBRep_T79	182.13333333333333
t_MDT-AP-0009	215.83333333333334
t_MDT-AP-0074	175.0
t_MDT-AP-0118	166.9
t_MDT-AP-0207	213.31666666666666
t_MDT-AP-0209	195.03333333333333
t_MDT-AP-0220	199.06666666666666
t_MDT-AP-0222	207.91666666666666
t_MDT-AP-0223	187.61666666666667
t_MDT-AP-0432	187.16666666666666
t_MDT-AP-0435	160.6
t_MDT-AP-0437	175.73333333333332
t_MDT-AP-0530	164.56666666666666
t_MDT-AP-0580	198.76666666666668
t_MDT-AP-0704	149.4
t_MDT-AP-0705	178.8
t_MDT-AP-0706	193.23333333333332
t_MDT-AP-0707	189.23333333333332
t_MDT-AP-0749	158.0
t_MDT-AP-1137	212.4
t_MDT-AP-1165	204.16666666666666
t_MDT-AP-1166	148.53333333333333
t_MDT-AP-1167	150.86666666666667
t_MDT-AP-1168	208.41666666666666
t_MDT-AP-1200	256.0
t_MDT-AP-1202	195.96666666666667
t_MDT-AP-1206	214.1
t_MDT-AP-1207	186.15
t_MDT-AP-1208	182.58333333333334
t_MDT-AP-1209	240.68333333333334
t_MDT-AP-1210	234.63333333333333
t_MDT-AP-1211	187.76666666666668
t_MDT-AP-1216	163.58333333333334
t_MDT-AP-1217	175.73333333333332
t_MDT-AP-1218	203.85
t_MDT-AP-1298	163.38333333333333
t_MDT-AP-1299	198.53333333333333
t_MDT-AP-1323	174.35
t_MDT-AP-1348	184.51666666666668
t_MDT-AP-1362	217.9
t_MDT-AP-1364	195.98333333333332
t_MDT-AP-1365	209.55
t_MDT-AP-1366	209.45
t_MDT-AP-1367	192.9
t_MDT-AP-1368	198.48333333333332
t_MDT-AP-1369	149.45
t_MDT-AP-1398	189.8
t_MDT-AP-1402	222.61666666666667
t_MDT-AP-1403	184.98333333333332
t_MDT-AP-1405	211.61666666666667
t_MDT-AP-2001	163.1
t_MDT-AP-2004	129.55
t_MDT-AP-2006	168.91666666666666
t_MDT-AP-2073	178.28333333333333
t_MDT-AP-2075	164.0
t_MDT-AP-2077	199.28333333333333
t_MDT-AP-2110	174.08333333333334
t_MDT-AP-2111	162.11666666666667
t_MDT-AP-2112	180.7
t_MDT-AP-2115	183.58333333333334
t_MDT-AP-2116	195.85
t_MDT-AP-2123	175.46666666666667
t_MDT-AP-2130	183.75
t_MDT-AP-2131	166.11666666666667
t_MDT-AP-2148	191.1
t_MDT-AP-2149	179.56666666666666
t_MDT-AP-2151	198.2
t_MDT-AP-2169	185.28333333333333
t_MDT-AP-2171	184.71666666666667
t_MDT-AP-2173	188.55
t_MDT-AP-2174	182.7
t_MDT-AP-2177	192.28333333333333
t_MDT-AP-2178	201.16666666666666
t_MDT-AP-2180	185.2
t_MDT-AP-2181	203.53333333333333
t_MDT-AP-2182	207.0
t_MDT-AP-2183	204.01666666666668
t_MDT-AP-2184	164.2
t_MDT-AP-2185	190.43333333333334
t_MDT-AP-2254	194.9
t_MDT-AP-2304	205.8
t_MDT-AP-2307	203.61666666666667
t_MDT-AP-2405	156.35
t_MDT-AP-2407	176.33333333333334
t_MDT-AP-2452	185.43333333333334
t_MDT-AP-2510	183.5
t_MDT-AP-2514	171.05
t_MDT-AP-2532	182.71666666666667
t_MDT-AP-2559	223.51666666666668
t_MDT-AP-2562	230.3
t_MDT-AP-2631	201.63333333333333
t_MDT-AP-2673	183.95
t_MDT-AP-2712	159.91666666666666
t_MDT-AP-2719	215.95
t_MDT-AP-2738	228.38333333333333
t_MDT-AP-2745	204.43333333333334
t_MDT-AP-2774	173.18333333333334
t_MDT-AP-2814	189.4
t_MDT-AP-2832	212.76666666666668
t_MDT-AP-2849	183.38333333333333
t_MDT-AP-2859	191.73333333333332
t_MDT-AP-2878	199.7
t_MDT-AP-2963	231.48333333333332
t_MDT-AP-3017	192.51666666666668
t_MDT-AP-3019	187.28333333333333
t_MDT-AP-3020	193.4
t_MDT-AP-3021	179.03333333333333
t_MDT-AP-3156	210.51666666666668
t_MDT-AP-3399	218.93333333333334
t_MDT-AP-3401	198.13333333333333
t_MDT-AP-3402	215.53333333333333
t_MDT-AP-3417	188.01666666666668
t_MDT-AP-3431	224.85
t_MELA-0001	312.85
t_MELA-0002	296.35
t_MELA-0003	317.18333333333334
t_MELA-0005	319.25
t_MELA-0007	325.4166666666667
t_MELA-0008	357.2
t_MELA-0009	350.1333333333333
t_MELA-0011	338.0
t_MELA-0012	372.51666666666665
t_MELA-0015	347.56666666666666
t_MELA-0022	382.06666666666666
t_MELA-0034	211.63333333333333
t_MELA-0037	247.16666666666666
t_MELA-0043	278.23333333333335
t_MELA-0046	234.71666666666667
t_MELA-0048	281.0
t_MELA-0050	298.1666666666667
t_MELA-0051	548.1333333333333
t_MELA-0052	565.9833333333333
t_MELA-0053	499.48333333333335
t_MELA-0055	391.35
t_MELA-0056	337.4166666666667
t_MELA-0060	324.6
t_MELA-0061	376.71666666666664
t_MELA-0064	381.68333333333334
t_MELA-0066	379.8
t_MELA-0067	392.98333333333335
t_MELA-0069	366.8833333333333
t_MELA-0070	365.6666666666667
t_MELA-0075	274.1
t_MELA-0076	274.6333333333333
t_MELA-0160	471.46666666666664
t_MELA-0161	530.2666666666667
t_MELA-0167	461.8333333333333
t_MELA-0168	498.9166666666667
t_MELA-0169	476.46666666666664
t_MELA-0170	240.86666666666667
t_MELA-0173	268.73333333333335
t_MELA-0174	319.9166666666667
t_MELA-0179	519.4666666666667
t_MELA-0180	238.75
t_MELA-0183	249.3
t_MELA-0184	221.91666666666666
t_MELA-0185	231.21666666666667
t_MELA-0187	241.2
t_MELA-0190	241.93333333333334
t_MELA-0192	254.55
t_MELA-0193	253.28333333333333
t_MELA-0196	254.73333333333332
t_MELA-0197	257.48333333333335
t_MELA-0200	419.23333333333335
t_MELA-0202	246.83333333333334
t_MELA-0203	246.56666666666666
t_MELA-0205	300.96666666666664
t_MELA-0213	547.7166666666667
t_MELA-0223	587.5166666666667
t_MELA-0226	871.2666666666667
t_MELA-0228	396.81666666666666
t_MELA-0229	463.6
t_MELA-0230	582.7
t_MELA-0231	337.48333333333335
t_MELA-0232	474.4166666666667
t_MELA-0234	599.0333333333333
t_MELA-0236	636.85
t_MELA-0237	347.23333333333335
t_MELA-0238	364.75
t_MELA-0239	457.25
t_MELA-0256	429.76666666666665
t_MELA-0257	458.18333333333334
t_MELA-0259	435.0833333333333
t_NE-0009	389.3
t_NE-0010	346.76666666666665
t_NE-0012	302.05
t_NE-0017	334.03333333333336
t_NE-0018	378.43333333333334
t_NE-0020	333.0833333333333
t_NE-0021	303.5
t_NE-0023	316.43333333333334
t_NE-0025	384.3333333333333
t_NE-0026	389.3666666666667
t_NE-0027	373.31666666666666
t_NE-0028	356.01666666666665
t_NE-0029	400.3833333333333
t_NE-0032	315.31666666666666
t_NE-0033	273.53333333333336
t_NE-0038	357.68333333333334
t_NEM157	201.46666666666667
t_OCCAMS-AH-011	450.5833333333333
t_OCCAMS-AH-014	424.1333333333333
t_OCCAMS-AH-021	398.1666666666667
t_OCCAMS-AH-036	352.43333333333334
t_OCCAMS-AH-039	376.48333333333335
t_OCCAMS-AH-042	296.55
t_OCCAMS-AH-046	320.03333333333336
t_OCCAMS-AH-047	374.55
t_OCCAMS-AH-048	367.1166666666667
t_OCCAMS-AH-061	331.26666666666665
t_OCCAMS-AH-062	474.26666666666665
t_OCCAMS-AH-063	491.1666666666667
t_OCCAMS-AH-064	420.5833333333333
t_OCCAMS-AH-071	455.9166666666667
t_OCCAMS-AH-077	289.71666666666664
t_OCCAMS-AH-082	378.46666666666664
t_OCCAMS-AH-085	409.1166666666667
t_OCCAMS-AH-086	396.1166666666667
t_OCCAMS-AH-088	392.6666666666667
t_OCCAMS-AH-091	346.3333333333333
t_OCCAMS-AH-096	409.53333333333336
t_OCCAMS-AH-108	430.76666666666665
t_OCCAMS-AH-112	348.81666666666666
t_OCCAMS-AH-120	319.31666666666666
t_OCCAMS-AH-127	405.18333333333334
t_OCCAMS-AH-131	396.46666666666664
t_OCCAMS-AH-133	348.8333333333333
t_OCCAMS-AH-135	320.35
t_OCCAMS-AH-136	408.1
t_OCCAMS-AH-139	409.78333333333336
t_OCCAMS-AH-140	407.6333333333333
t_OCCAMS-AH-143	422.31666666666666
t_OCCAMS-AH-146	432.78333333333336
t_OCCAMS-AH-155	345.1
t_OCCAMS-AH-160	318.65
t_OCCAMS-AH-167	412.76666666666665
t_OCCAMS-AH-173	406.25
t_OCCAMS-AH-174	302.93333333333334
t_OCCAMS-AH-182	516.8
t_OCCAMS-AH-183	411.51666666666665
t_OCCAMS-AH-196	314.1
t_OCCAMS-AH-197	314.48333333333335
t_OCCAMS-AH-213	398.81666666666666
t_OCCAMS-ED-003	316.75
t_OCCAMS-ED-007	420.1
t_OCCAMS-ED-036	478.1333333333333
t_OCCAMS-ED-041	355.6
t_OCCAMS-GS-002	384.23333333333335
t_OCCAMS-PS-001	301.3666666666667
t_OCCAMS-PS-002	285.76666666666665
t_OCCAMS-PS-003	392.6
t_OCCAMS-PS-008	387.8333333333333
t_OCCAMS-PS-012	316.78333333333336
t_OCCAMS-PS-013	325.43333333333334
t_OCCAMS-PS-014	300.4
t_OCCAMS-QE-095	515.7666666666667
t_OCCAMS-RS-006	297.73333333333335
t_OCCAMS-RS-007	361.05
t_OCCAMS-RS-008	347.28333333333336
t_OCCAMS-RS-010	412.1166666666667
t_OCCAMS-RS-014	585.6833333333333
t_OCCAMS-RS-022	478.26666666666665
t_OCCAMS-RS-024	364.98333333333335
t_OCCAMS-RS-027	334.51666666666665
t_OCCAMS-RS-028	422.46666666666664
t_OCCAMS-RS-029	413.76666666666665
t_OCCAMS-RS-031	402.7
t_OCCAMS-RS-032	528.2166666666667
t_OCCAMS-RS-035	499.03333333333336
t_OCCAMS-RS-036	356.51666666666665
t_OCCAMS-RS-047	348.7
t_OCCAMS-SH-003	354.1166666666667
t_OCCAMS-SH-020	361.01666666666665
t_OCCAMS-SH-024	299.3833333333333
t_OCCAMS-SH-038	377.75
t_OCCAMS-SH-051	453.65
t_OCCAMS-SH-071	339.15
t_OCCAMS-ST-020	374.28333333333336
t_OCCAMS-ST-023	420.48333333333335
t_OCCAMS-ST-029	310.6166666666667
t_OCCAMS-ST-030	391.6
t_OCCAMS-ST-033	443.05
t_OCCAMS-ST-035	351.71666666666664
t_OCCAMS-ST-036	356.1166666666667
t_OCCAMS-ST-037	451.45
t_OCCAMS-ST-041	393.48333333333335
t_OCCAMS-ST-043	300.55
t_OCCAMS-WG-001	339.45
t_OCCAMS-WG-002	366.8333333333333
t_OCCAMS-WG-005	349.2
t_OCCAMS-WG-006	399.76666666666665
t_OCCAMS-WG-008	356.93333333333334
t_OCCAMS-WG-009	375.56666666666666
t_OCCAMS-WG-019	455.56666666666666
t_OCCAMS-ZZ-004	331.3333333333333
t_OCCAMS-ZZ-009	388.1333333333333
t_OCCAMS-ZZ-011	512.9666666666667
t_OCCAMS-ZZ-016	438.6666666666667
t_OCCAMS-ZZ-019	396.3833333333333
t_OSCC-GB_011301	395.05
t_OSCC-GB_011601	356.98333333333335
t_OSCC-GB_011701	394.0833333333333
t_OSCC-GB_011801	423.96666666666664
t_OSCC-GB_011901	378.21666666666664
t_OSCC-GB_012001	406.56666666666666
t_OSCC-GB_012101	314.3666666666667
t_OSCC-GB_012201	393.73333333333335
t_OSCC-GB_012301	249.46666666666667
t_OSCC-GB_012401	360.06666666666666
t_OSCC-GB_012501	401.5
t_OSCC-GB_012601	347.9166666666667
t_OSCC-GB_012701	299.4
t_PCSI_0001	370.05
t_PCSI_0002	316.95
t_PCSI_0004	386.1666666666667
t_PCSI_0019	535.1833333333333
t_PCSI_0023	796.2166666666667
t_PCSI_0024	250.36666666666667
t_PCSI_0044	380.76666666666665
t_PCSI_0046	387.2
t_PCSI_0047	537.4833333333333
t_PCSI_0048	390.43333333333334
t_PCSI_0072	437.81666666666666
t_PCSI_0073	478.05
t_PCSI_0074	352.98333333333335
t_PCSI_0077	332.71666666666664
t_PCSI_0078	344.3833333333333
t_PCSI_0080	324.71666666666664
t_PCSI_0081	319.46666666666664
t_PCSI_0082	373.18333333333334
t_PCSI_0083_2	318.1166666666667
t_PCSI_0084	354.05
t_PCSI_0086	605.8833333333333
t_PCSI_0096	344.1333333333333
t_PCSI_0098	638.9333333333333
t_PCSI_0099	377.3
t_PCSI_0101	773.2833333333333
t_PCSI_0103	402.4
t_PCSI_0104	441.95
t_PCSI_0105	381.28333333333336
t_PCSI_0106	666.5833333333334
t_PCSI_0108	403.93333333333334
t_PCSI_0109	742.2166666666667
t_PCSI_0111	388.4166666666667
t_PCSI_0112	616.1166666666667
t_PCSI_0118	587.2333333333333
t_PCSI_0132	349.8666666666667
t_PCSI_0142	305.8
t_PCSI_0145	230.68333333333334
t_PCSI_0146	306.9
t_PCSI_0161	305.5
t_PCSI_0162	371.7
t_PCSI_0164	428.03333333333336
t_PCSI_0170	429.1333333333333
t_PCSI_0171	422.5833333333333
t_PCSI_0173	295.68333333333334
t_PCSI_0174	431.98333333333335
t_PCSI_0175	372.93333333333334
t_PCSI_0208	402.51666666666665
t_PCSI_0210	433.45
t_PCSI_0217	369.8666666666667
t_PCSI_0218	437.48333333333335
t_PCSI_0224	447.0833333333333
t_PCSI_0226	267.1
t_PCSI_0227	417.73333333333335
t_PCSI_0228	380.3833333333333
t_PCSI_0230	361.05
t_PCSI_0231	347.78333333333336
t_PCSI_0233	331.35
t_PCSI_0235	437.26666666666665
t_PCSI_0239	397.4166666666667
t_PCSI_0240	351.71666666666664
t_PCSI_0248	329.75
t_PCSI_0250	374.4166666666667
t_PCSI_0253	365.01666666666665
t_PCSI_0256	450.96666666666664
t_PCSI_0261	353.8833333333333
t_PCSI_0264	372.03333333333336
t_PCSI_0268	427.5
t_PCSI_0269	310.06666666666666
t_PCSI_0274	355.0
t_PCSI_0279	293.55
t_PCSI_0280	425.76666666666665
t_PCSI_0281	293.1666666666667
t_PCSI_0283	295.8
t_PCSI_0284	408.4
t_PCSI_0285	336.8
t_PCSI_0286	338.76666666666665
t_PCSI_0287	308.4
t_PCSI_0290	440.1
t_PCSI_0292	422.15
t_PCSI_0294	336.26666666666665
t_PCSI_0297	389.06666666666666
t_PCSI_0300	379.4
t_PCSI_0301	320.65
t_PCSI_0302	375.46666666666664
t_PCSI_0303	440.26666666666665
t_PCSI_0305	502.71666666666664
t_PCSI_0307	447.8
t_PCSI_0310	350.96666666666664
t_PCSI_0311	506.55
t_PCSI_0312	397.03333333333336
t_PCSI_0324	362.6333333333333
t_PCSI_0325	377.48333333333335
t_PCSI_0326	414.06666666666666
t_PCSI_0328	378.6333333333333
t_PCSI_0329	426.43333333333334
t_PCSI_0334	227.41666666666666
t_PCSI_0337	346.8666666666667
t_PCSI_0338	443.8333333333333
t_PCSI_0340	315.23333333333335
t_PCSI_0341	336.81666666666666
t_PCSI_0345	431.46666666666664
t_PCSI_0347_1	357.3333333333333
t_PCSI_0347_2	332.4
t_PCSI_0348	349.8
t_PCSI_0350	240.53333333333333
t_PCSI_0351	219.1
t_PCSI_0352_1	231.45
t_PCSI_0352_2	245.65
t_PCSI_0353	199.66666666666666
t_PCSI_0354	255.48333333333332
t_PCSI_0355	246.31666666666666
t_PCSI_0356	731.9833333333333
t_PCSI_0375	374.98333333333335
t_PCSI_0392	296.76666666666665
t_PCSI_0402	392.7
t_PCSI_0403	383.98333333333335
t_PCSI_0404	414.05
t_PCSI_0406	386.4
t_PCSI_0413	325.4166666666667
t_PCSI_0450	457.6
t_PCSI_0451	526.8333333333334
t_PCSI_0453	347.28333333333336
t_PCSI_0454	386.21666666666664
t_PCSI_0456	458.0
t_PCSI_0457	357.2
t_PCSI_0458	355.51666666666665
t_PCSI_0460	305.18333333333334
t_PCSI_0463	386.31666666666666
t_PCSI_0465	356.7
t_PCSI_0466	394.65
t_PCSI_0467	426.3
t_PCSI_0468	405.18333333333334
t_PCSI_0469	414.31666666666666
t_PCSI_0472	414.8
t_PCSI_0473	367.5833333333333
t_PCSI_0476	380.9
t_PCSI_0477	369.8
t_PCSI_0492	319.78333333333336
t_PCSI_0504	342.35
t_PCSI_0506	353.01666666666665
t_PCSI_0508	376.6333333333333
t_PCSI_0509	397.28333333333336
t_PCSI_0527	369.3
t_PCSI_0528	364.81666666666666
t_PCSI_0531	365.9166666666667
t_PCSI_0537	346.9
t_PCSI_0547	396.78333333333336
t_PCSI_0572	340.35
t_RK001	260.0
t_RK002	287.71666666666664
t_RK003	312.31666666666666
t_RK004	208.08333333333334
t_RK005	295.18333333333334
t_RK006_1	236.56666666666666
t_RK006_2	249.81666666666666
t_RK007	216.23333333333332
t_RK010	260.6166666666667
t_RK012	322.96666666666664
t_RK014	225.18333333333334
t_RK015	275.35
t_RK016	315.55
t_RK018	274.95
t_RK019	240.45
t_RK020	185.76666666666668
t_RK021	289.05
t_RK022	188.55
t_RK023	251.73333333333332
t_RK024	216.26666666666668
t_RK025	301.21666666666664
t_RK026	277.9166666666667
t_RK027	217.33333333333334
t_RK028	220.28333333333333
t_RK029	205.23333333333332
t_RK030	301.4166666666667
t_RK031	242.6
t_RK032	228.18333333333334
t_RK033	236.48333333333332
t_RK034	265.26666666666665
t_RK035	200.25
t_RK036_1	210.21666666666667
t_RK036_2	186.93333333333334
t_RK037	206.65
t_RK038	229.51666666666668
t_RK040	320.78333333333336
t_RK041	246.8
t_RK042	263.26666666666665
t_RK043	216.55
t_RK044	197.4
t_RK046_1	214.46666666666667
t_RK046_2	207.53333333333333
t_RK047	249.55
t_RK048	192.16666666666666
t_RK049	216.3
t_RK050	243.95
t_RK051	230.58333333333334
t_RK052	242.21666666666667
t_RK053	228.63333333333333
t_RK054	239.0
t_RK055	230.31666666666666
t_RK056	206.98333333333332
t_RK057	215.45
t_RK058	233.08333333333334
t_RK059	266.4
t_RK060	227.7
t_RK061	236.61666666666667
t_RK062	193.45
t_RK063	234.91666666666666
t_RK064	280.03333333333336
t_RK065	245.31666666666666
t_RK066	250.43333333333334
t_RK067	200.76666666666668
t_RK068	251.81666666666666
t_RK069	266.03333333333336
t_RK070	203.06666666666666
t_RK071	297.15
t_RK072	215.35
t_RK073	251.03333333333333
t_RK074	236.3
t_RK075	208.46666666666667
t_RK076	288.6166666666667
t_RK077	270.96666666666664
t_RK079	241.7
t_RK080	260.4166666666667
t_RK081	230.81666666666666
t_RK082	245.96666666666667
t_RK083	279.81666666666666
t_RK084	241.65
t_RK085	238.98333333333332
t_RK086	218.35
t_RK087	326.21666666666664
t_RK088	234.81666666666666
t_RK089	206.15
t_RK090	259.26666666666665
t_RK091	311.5
t_RK092	220.33333333333334
t_RK093	253.81666666666666
t_RK095	235.71666666666667
t_RK096	263.7
t_RK098	232.9
t_RK099	199.95
t_RK100	203.01666666666668
t_RK101	286.21666666666664
t_RK102	213.26666666666668
t_RK103	259.76666666666665
t_RK104	211.5
t_RK105	197.55
t_RK106	223.71666666666667
t_RK107	233.83333333333334
t_RK108	192.55
t_RK109	212.98333333333332
t_RK110	252.86666666666667
t_RK111	240.5
t_RK112	174.33333333333334
t_RK113	232.83333333333334
t_RK115	229.51666666666668
t_RK116	243.38333333333333
t_RK117	219.81666666666666
t_RK118	245.88333333333333
t_RK119	285.23333333333335
t_RK120	223.33333333333334
t_RK121	236.46666666666667
t_RK122	226.23333333333332
t_RK123	244.96666666666667
t_RK124	214.23333333333332
t_RK125	213.61666666666667
t_RK126	174.5
t_RK128	258.9166666666667
t_RK130	244.18333333333334
t_RK131	191.88333333333333
t_RK133	235.06666666666666
t_RK134	237.46666666666667
t_RK135	270.4166666666667
t_RK136	235.91666666666666
t_RK137	213.58333333333334
t_RK138	411.0833333333333
t_RK139	204.33333333333334
t_RK140	210.73333333333332
t_RK141	236.68333333333334
t_RK142	234.86666666666667
t_RK143	179.18333333333334
t_RK144	218.61666666666667
t_RK145_1	209.53333333333333
t_RK145_2	195.6
t_RK146	223.65
t_RK147	248.11666666666667
t_RK148	235.33333333333334
t_RK149	214.06666666666666
t_RK150	248.68333333333334
t_RK151	236.41666666666666
t_RK152	236.85
t_RK153	203.13333333333333
t_RK154	275.3833333333333
t_RK155	211.78333333333333
t_RK156	206.9
t_RK157	247.36666666666667
t_RK159	253.41666666666666
t_RK162	184.35
t_RK163	231.36666666666667
t_RK164	243.78333333333333
t_RK165	278.06666666666666
t_RK166	188.46666666666667
t_RK167	249.98333333333332
t_RK169	295.48333333333335
t_RK170	275.73333333333335
t_RK171	190.05
t_RK172	168.95
t_RK175	212.66666666666666
t_RK176	240.38333333333333
t_RK177	236.68333333333334
t_RK178	223.95
t_RK179	184.83333333333334
t_RK180_1	228.93333333333334
t_RK180_2	223.65
t_RK181	197.15
t_RK183	202.65
t_RK184	272.6166666666667
t_RK185	212.81666666666666
t_RK186	210.56666666666666
t_RK187	202.85
t_RK188	304.05
t_RK190	215.58333333333334
t_RK191	206.11666666666667
t_RK193	208.96666666666667
t_RK194	229.88333333333333
t_RK195	199.46666666666667
t_RK196	194.81666666666666
t_RK197	258.85
t_RK198	198.08333333333334
t_RK199	205.61666666666667
t_RK200	221.71666666666667
t_RK201	172.06666666666666
t_RK202	184.45
t_RK204_1	243.76666666666668
t_RK204_2	185.13333333333333
t_RK205	189.18333333333334
t_RK206	203.61666666666667
t_RK207	230.0
t_RK208	303.01666666666665
t_RK210	250.81666666666666
t_RK211	236.36666666666667
t_RK212	216.7
t_RK213	218.1
t_RK214	216.13333333333333
t_RK215	219.06666666666666
t_RK216	233.63333333333333
t_RK217	270.18333333333334
t_RK219	258.73333333333335
t_RK220	185.46666666666667
t_RK221	195.81666666666666
t_RK222	203.16666666666666
t_RK223	228.51666666666668
t_RK224	215.33333333333334
t_RK225	283.06666666666666
t_RK226	240.08333333333334
t_RK227	216.28333333333333
t_RK228	209.46666666666667
t_RK229	213.11666666666667
t_RK230	234.46666666666667
t_RK232	251.36666666666667
t_RK233_1	258.05
t_RK233_2	257.15
t_RK234	235.15
t_RK235	251.25
t_RK236	204.96666666666667
t_RK237	235.48333333333332
t_RK240	301.1666666666667
t_RK241	213.08333333333334
t_RK243	219.08333333333334
t_RK244	233.85
t_RK245	235.68333333333334
t_RK254	216.58333333333334
t_RK256	233.15
t_RK257	216.68333333333334
t_RK258	235.11666666666667
t_RK259	228.15
t_RK260	209.75
t_RK261_1	233.08333333333334
t_RK261_2	238.55
t_RK262	267.1166666666667
t_RK263	226.83333333333334
t_RK264	274.93333333333334
t_RK265	250.5
t_RK266	238.33333333333334
t_RK267	299.43333333333334
t_RK268	226.15
t_RK269	211.35
t_RK270	234.48333333333332
t_RK272	283.5
t_RK275	267.8833333333333
t_RK277	208.86666666666667
t_RK278	236.2
t_RK279	482.3
t_RK280	218.6
t_RK282	233.73333333333332
t_RK283	205.58333333333334
t_RK284	218.38333333333333
t_RK285	214.76666666666668
t_RK287_1	210.41666666666666
t_RK287_2	226.73333333333332
t_RK289_1	234.45
t_RK289_2	237.3
t_RK297	206.8
t_RK298	222.15
t_RK303	252.51666666666668
t_RK304	238.28333333333333
t_RK305	219.1
t_RK306	241.36666666666667
t_RK307	283.8666666666667
t_RK308	328.6
t_RK309	255.75
t_RK310	261.6333333333333
t_RK312	327.1666666666667
t_RK316	293.45
t_RK317	434.15
t_RK326	252.2
t_RK337	307.05
t_RK338	311.78333333333336
t_SJMB001	153.23333333333332
t_SJMB002	149.51666666666668
t_SJMB003	160.61666666666667
t_SJMB004	194.7
t_SJMB006	192.45
t_SJMB008	230.9
t_SJMB009	190.91666666666666
t_SJMB010	190.55
t_SJMB011	216.98333333333332
t_SJMB012	229.46666666666667
t_SJMB013	246.03333333333333
t_SJMB014	204.76666666666668
t_SJMB015	187.05
t_SJMB016	219.7
t_SJMB017	239.65
t_SJMB018	194.53333333333333
t_SJMB019	221.78333333333333
t_SJMB020	227.4
t_SJMB023	213.75
t_SJMB024	232.33333333333334
t_SJMB025	205.06666666666666
t_SJMB026	261.48333333333335
t_SJMB027	186.1
t_SJMB028	201.26666666666668
t_SJMB029	208.03333333333333
t_SJMB030	192.93333333333334
t_SJMB031	214.51666666666668
t_SJMB032	255.91666666666666
t_SJMB033	227.83333333333334
t_SJMB034	244.03333333333333
t_SJMB035	227.91666666666666
t_SJMB036	244.45
t_SJMB037	178.31666666666666
t_SJMB038	177.66666666666666
t_SJMB039	181.65
t_SJMB040	225.15
t_SJMB041	271.06666666666666
t_SNU_WGS_01	232.93333333333334
t_SNU_WGS_02	224.91666666666666
t_SNU_WGS_04	213.66666666666666
t_SNU_WGS_05	196.18333333333334
t_SNU_WGS_06	190.45
t_SNU_WGS_08	156.05
t_SNU_WGS_09	157.35
t_SNU_WGS_10	158.36666666666667
t_SNU_WGS_11	179.63333333333333
t_SNU_WGS_12	201.26666666666668
t_TCGA-02-2483	253.63333333333333
t_TCGA-02-2485	234.08333333333334
t_TCGA-04-1331	343.3333333333333
t_TCGA-04-1347	293.6166666666667
t_TCGA-04-1349	332.05
t_TCGA-04-1367	270.75
t_TCGA-04-1514	282.48333333333335
t_TCGA-04-1542	452.2
t_TCGA-05-4389	217.58333333333334
t_TCGA-05-4395	293.18333333333334
t_TCGA-05-4396	258.26666666666665
t_TCGA-05-4397	202.38333333333333
t_TCGA-05-4398	355.18333333333334
t_TCGA-05-4420	246.93333333333334
t_TCGA-05-5429	222.75
t_TCGA-06-0125	464.53333333333336
t_TCGA-06-0145	488.95
t_TCGA-06-0152	380.15
t_TCGA-06-0155	236.63333333333333
t_TCGA-06-0157	283.9
t_TCGA-06-0171	459.98333333333335
t_TCGA-06-0190	380.7
t_TCGA-06-0210	390.48333333333335
t_TCGA-06-0211	440.76666666666665
t_TCGA-06-0214	320.8
t_TCGA-06-0221	420.5833333333333
t_TCGA-06-0686	247.2
t_TCGA-06-0744	258.6666666666667
t_TCGA-06-0745	198.73333333333332
t_TCGA-06-1086	195.58333333333334
t_TCGA-06-2557	205.16666666666666
t_TCGA-06-2570	241.95
t_TCGA-06-5411	242.96666666666667
t_TCGA-06-5415	234.13333333333333
t_TCGA-09-1666	295.06666666666666
t_TCGA-09-2045	279.56666666666666
t_TCGA-09-2050	440.5833333333333
t_TCGA-10-0934	361.85
t_TCGA-10-0937	306.7
t_TCGA-10-0938	304.51666666666665
t_TCGA-13-0723	278.93333333333334
t_TCGA-13-0727	369.25
t_TCGA-13-0890	268.9166666666667
t_TCGA-13-0906	392.1333333333333
t_TCGA-13-0912	390.65
t_TCGA-13-1477	390.8
t_TCGA-13-1487	470.96666666666664
t_TCGA-13-1491	384.1666666666667
t_TCGA-14-0786	250.93333333333334
t_TCGA-14-1034	396.48333333333335
t_TCGA-14-1402	388.6166666666667
t_TCGA-14-1459	315.78333333333336
t_TCGA-14-1823	239.8
t_TCGA-14-2554	218.4
t_TCGA-16-1063	241.03333333333333
t_TCGA-18-3408	431.71666666666664
t_TCGA-18-3415	418.85
t_TCGA-18-4721	438.55
t_TCGA-19-1389	441.3
t_TCGA-19-2620	255.15
t_TCGA-19-2624	203.21666666666667
t_TCGA-19-2629	306.06666666666666
t_TCGA-19-5960	249.16666666666666
t_TCGA-21-1076	323.96666666666664
t_TCGA-21-1078	354.3333333333333
t_TCGA-21-1082	448.4
t_TCGA-21-1083	596.4166666666666
t_TCGA-21-5782	439.8
t_TCGA-22-1016	590.8166666666667
t_TCGA-22-5477	283.95
t_TCGA-22-5485	530.5
t_TCGA-22-5492	485.4
t_TCGA-23-1110	306.6
t_TCGA-23-1118	410.3666666666667
t_TCGA-23-1124	331.2
t_TCGA-24-0982	338.95
t_TCGA-24-1103	271.06666666666666
t_TCGA-24-1419	317.48333333333335
t_TCGA-24-1466	441.8
t_TCGA-24-1544	419.8833333333333
t_TCGA-24-1548	321.9166666666667
t_TCGA-24-1552	301.76666666666665
t_TCGA-24-1557	391.7
t_TCGA-24-1558	330.71666666666664
t_TCGA-24-1562	435.8
t_TCGA-24-1614	411.65
t_TCGA-24-2024	292.4166666666667
t_TCGA-24-2290	285.1166666666667
t_TCGA-25-1632	390.71666666666664
t_TCGA-25-1634	444.18333333333334
t_TCGA-25-2391	348.25
t_TCGA-25-2400	402.76666666666665
t_TCGA-26-1438	231.41666666666666
t_TCGA-26-5132	301.28333333333336
t_TCGA-26-5135	287.3333333333333
t_TCGA-27-1831	243.61666666666667
t_TCGA-27-2523	235.18333333333334
t_TCGA-27-2528	259.06666666666666
t_TCGA-32-1970	199.65
t_TCGA-33-4586	419.98333333333335
t_TCGA-34-2596	321.45
t_TCGA-34-2600	224.26666666666668
t_TCGA-34-5240	283.85
t_TCGA-36-1570	299.2
t_TCGA-36-1571	310.68333333333334
t_TCGA-36-1574	269.03333333333336
t_TCGA-37-4135	334.76666666666665
t_TCGA-38-4628	459.4166666666667
t_TCGA-41-5651	229.23333333333332
t_TCGA-43-3394	304.18333333333334
t_TCGA-43-3920	542.7
t_TCGA-43-5670	349.26666666666665
t_TCGA-44-2659	265.48333333333335
t_TCGA-44-6148	280.93333333333334
t_TCGA-49-4486	229.56666666666666
t_TCGA-49-4512	395.25
t_TCGA-49-6742	445.01666666666665
t_TCGA-50-5066	532.4333333333333
t_TCGA-50-5930	289.5833333333333
t_TCGA-50-5932	256.25
t_TCGA-50-6591	283.78333333333336
t_TCGA-50-6597	449.45
t_TCGA-52-7812	465.6
t_TCGA-55-6972	252.48333333333332
t_TCGA-55-6982	444.96666666666664
t_TCGA-55-6984	190.76666666666668
t_TCGA-55-6986	286.35
t_TCGA-55-7281	254.03333333333333
t_TCGA-55-8299	396.81666666666666
t_TCGA-56-1622	308.03333333333336
t_TCGA-56-7582	398.5
t_TCGA-60-2698	393.5833333333333
t_TCGA-60-2711	282.4
t_TCGA-60-2713	315.4
t_TCGA-60-2719	403.96666666666664
t_TCGA-60-2722	430.51666666666665
t_TCGA-60-2724	472.3
t_TCGA-60-2726	621.9166666666666
t_TCGA-61-2000	331.5
t_TCGA-64-1678	307.1166666666667
t_TCGA-64-1680	213.16666666666666
t_TCGA-66-2744	456.5833333333333
t_TCGA-66-2756	315.03333333333336
t_TCGA-66-2759	354.4166666666667
t_TCGA-66-2766	306.55
t_TCGA-66-2789	551.0166666666667
t_TCGA-66-2793	496.03333333333336
t_TCGA-66-2795	373.21666666666664
t_TCGA-67-3771	282.0
t_TCGA-67-6215	311.95
t_TCGA-68-7755	366.4
t_TCGA-68-8250	427.03333333333336
t_TCGA-73-4659	236.5
t_TCGA-73-4666	221.75
t_TCGA-75-5147	310.5833333333333
t_TCGA-75-6203	496.93333333333334
t_TCGA-75-7030	208.45
t_TCGA-77-6843	278.85
t_TCGA-77-7139	320.9
t_TCGA-78-7143	440.0
t_TCGA-78-7146	254.73333333333332
t_TCGA-78-7156	241.31666666666666
t_TCGA-78-7158	256.3
t_TCGA-78-7535	295.31666666666666
t_TCGA-85-8052	626.7666666666667
t_TCGA-85-8277	420.4166666666667
t_TCGA-90-7767	383.23333333333335
t_TCGA-91-6840	264.68333333333334
t_TCGA-91-6847	277.6333333333333
t_TCGA-92-8064	331.48333333333335
t_TCGA-94-7943	445.25
t_TCGA-96-7545	385.85
t_TCGA-97-8171	226.18333333333334
t_TCGA-98-8022	471.78333333333336
t_TCGA-A1-A0SM	375.21666666666664
t_TCGA-A2-A04P	208.68333333333334
t_TCGA-A2-A04T	188.81666666666666
t_TCGA-A2-A04X	411.7
t_TCGA-A2-A0D0	251.01666666666668
t_TCGA-A2-A0D1	362.6666666666667
t_TCGA-A2-A0D4	319.26666666666665
t_TCGA-A2-A0EY	365.96666666666664
t_TCGA-A2-A0YG	349.78333333333336
t_TCGA-A2-A259	317.8833333333333
t_TCGA-A2-A25B	305.46666666666664
t_TCGA-A2-A3KC	383.85
t_TCGA-A2-A3XX	313.73333333333335
t_TCGA-A2-A3Y0	352.8333333333333
t_TCGA-A3-3308	370.96666666666664
t_TCGA-A3-3363	405.8333333333333
t_TCGA-A3-3370	398.8333333333333
t_TCGA-A3-3372	372.78333333333336
t_TCGA-A3-3387	200.03333333333333
t_TCGA-A4-A48D	390.81666666666666
t_TCGA-A4-A4ZT	421.28333333333336
t_TCGA-A4-A57E	459.46666666666664
t_TCGA-A5-A0G9	195.26666666666668
t_TCGA-A5-A0GA	304.7
t_TCGA-A5-A0GE	307.28333333333336
t_TCGA-A5-A0GG	291.1666666666667
t_TCGA-A5-A0GJ	343.3833333333333
t_TCGA-A6-2680	322.93333333333334
t_TCGA-A6-2681	271.98333333333335
t_TCGA-A6-2683	255.38333333333333
t_TCGA-A6-3807	264.6166666666667
t_TCGA-A6-6141	444.43333333333334
t_TCGA-A6-6781	441.5
t_TCGA-A6-A565	426.6166666666667
t_TCGA-A6-A566	429.68333333333334
t_TCGA-A6-A567	392.8666666666667
t_TCGA-A6-A56B	392.68333333333334
t_TCGA-A7-A0CE	221.93333333333334
t_TCGA-A7-A13D	372.8666666666667
t_TCGA-A7-A26G	325.93333333333334
t_TCGA-A8-A075	435.8833333333333
t_TCGA-A8-A07B	364.6
t_TCGA-A8-A07I	385.76666666666665
t_TCGA-A8-A08B	361.68333333333334
t_TCGA-A8-A08L	351.1666666666667
t_TCGA-A8-A08S	357.1333333333333
t_TCGA-A8-A092	361.05
t_TCGA-A8-A094	377.75
t_TCGA-A8-A09I	316.43333333333334
t_TCGA-A8-A09X	249.61666666666667
t_TCGA-AA-3514	231.58333333333334
t_TCGA-AA-3518	175.0
t_TCGA-AA-3529	230.56666666666666
t_TCGA-AA-3534	212.41666666666666
t_TCGA-AA-3555	380.68333333333334
t_TCGA-AA-3664	190.68333333333334
t_TCGA-AA-3666	203.45
t_TCGA-AA-3685	255.05
t_TCGA-AA-3956	255.28333333333333
t_TCGA-AA-3977	347.6666666666667
t_TCGA-AA-3994	198.21666666666667
t_TCGA-AA-A00N	409.1
t_TCGA-AA-A00R	190.1
t_TCGA-AA-A01R	304.9166666666667
t_TCGA-AA-A01S	218.96666666666667
t_TCGA-AA-A01T	214.33333333333334
t_TCGA-AA-A01V	161.15
t_TCGA-AA-A01X	268.31666666666666
t_TCGA-AA-A02O	189.43333333333334
t_TCGA-AA-A02Y	199.23333333333332
t_TCGA-AB-2905	331.4
t_TCGA-AB-2906	165.26666666666668
t_TCGA-AB-2907	230.51666666666668
t_TCGA-AB-2964	190.61666666666667
t_TCGA-AB-2965	235.43333333333334
t_TCGA-AB-2972	308.5833333333333
t_TCGA-AB-2973	225.36666666666667
t_TCGA-AB-2975	157.01666666666668
t_TCGA-AB-2976	169.61666666666667
t_TCGA-AB-2977	204.41666666666666
t_TCGA-AB-2978	246.9
t_TCGA-AB-2979	243.91666666666666
t_TCGA-AB-2980	250.83333333333334
t_TCGA-AB-2981	184.68333333333334
t_TCGA-AB-2982	203.65
t_TCGA-AB-2983	192.36666666666667
t_TCGA-AB-2985	252.76666666666668
t_TCGA-AB-2987	185.73333333333332
t_TCGA-AB-2989	199.16666666666666
t_TCGA-AB-2990	196.26666666666668
t_TCGA-AB-2991	157.86666666666667
t_TCGA-AB-2993	158.9
t_TCGA-AB-2995	211.3
t_TCGA-AB-2996	228.1
t_TCGA-AB-2997	178.86666666666667
t_TCGA-AB-2998	207.56666666666666
t_TCGA-AB-3000	180.83333333333334
t_TCGA-AB-3001	209.88333333333333
t_TCGA-AB-3002	214.33333333333334
t_TCGA-AB-3007	177.6
t_TCGA-AB-3008	270.81666666666666
t_TCGA-AB-3011	349.06666666666666
t_TCGA-AB-3012	169.23333333333332
t_TCGA-AC-A2BK	336.4
t_TCGA-AD-6964	420.65
t_TCGA-AD-A5EJ	412.55
t_TCGA-AD-A5EK	461.81666666666666
t_TCGA-AF-2689	235.98333333333332
t_TCGA-AF-2691	264.06666666666666
t_TCGA-AG-3574	179.71666666666667
t_TCGA-AG-3582	159.41666666666666
t_TCGA-AG-3593	223.98333333333332
t_TCGA-AG-3727	173.53333333333333
t_TCGA-AG-3885	184.6
t_TCGA-AG-3890	278.85
t_TCGA-AG-3896	297.96666666666664
t_TCGA-AG-3901	300.56666666666666
t_TCGA-AG-4007	309.1333333333333
t_TCGA-AG-4008	252.5
t_TCGA-AG-4015	268.9166666666667
t_TCGA-AG-A032	233.45
t_TCGA-AJ-A23M	314.8666666666667
t_TCGA-AK-3428	159.16666666666666
t_TCGA-AK-3454	159.35
t_TCGA-AK-3455	167.33333333333334
t_TCGA-AL-3466	323.53333333333336
t_TCGA-AL-3468	362.28333333333336
t_TCGA-AL-3472	286.4
t_TCGA-AL-3473	415.6333333333333
t_TCGA-AL-A5DJ	414.23333333333335
t_TCGA-AN-A04D	346.6333333333333
t_TCGA-AN-A0AT	308.1666666666667
t_TCGA-AN-A0G0	328.3333333333333
t_TCGA-AN-A0XR	308.3333333333333
t_TCGA-AO-A03L	370.01666666666665
t_TCGA-AO-A03N	300.4166666666667
t_TCGA-AO-A0J2	366.0
t_TCGA-AO-A0J4	217.01666666666668
t_TCGA-AO-A0J6	226.3
t_TCGA-AO-A0JM	387.65
t_TCGA-AO-A124	312.15
t_TCGA-AO-A12H	286.15
t_TCGA-AP-A051	230.18333333333334
t_TCGA-AP-A052	349.31666666666666
t_TCGA-AP-A053	383.75
t_TCGA-AP-A054	257.73333333333335
t_TCGA-AP-A05A	413.65
t_TCGA-AP-A05D	220.16666666666666
t_TCGA-AP-A0L8	332.23333333333335
t_TCGA-AP-A0L9	418.35
t_TCGA-AP-A0LD	244.4
t_TCGA-AP-A0LE	357.01666666666665
t_TCGA-AP-A0LF	324.0833333333333
t_TCGA-AP-A0LH	364.98333333333335
t_TCGA-AP-A0LI	363.18333333333334
t_TCGA-AP-A0LL	356.56666666666666
t_TCGA-AP-A0LO	274.3666666666667
t_TCGA-AQ-A04J	397.6666666666667
t_TCGA-AR-A0TX	410.78333333333336
t_TCGA-AR-A1AY	306.3666666666667
t_TCGA-AR-A24Z	347.85
t_TCGA-AR-A256	297.0
t_TCGA-AR-A2LK	275.9
t_TCGA-AX-A05S	357.51666666666665
t_TCGA-AX-A06B	337.1
t_TCGA-AX-A0J1	340.26666666666665
t_TCGA-AX-A1C8	343.81666666666666
t_TCGA-AX-A1CI	328.68333333333334
t_TCGA-AX-A2H5	308.68333333333334
t_TCGA-AY-A54L	428.4166666666667
t_TCGA-AZ-4315	462.76666666666665
t_TCGA-B0-5094	177.8
t_TCGA-B0-5693	171.13333333333333
t_TCGA-B0-5695	345.26666666666665
t_TCGA-B1-A47M	335.68333333333334
t_TCGA-B1-A47N	374.3333333333333
t_TCGA-B1-A47O	374.81666666666666
t_TCGA-B2-4099	183.43333333333334
t_TCGA-B2-4101	352.71666666666664
t_TCGA-B2-4102	427.0833333333333
t_TCGA-B3-3925	364.4166666666667
t_TCGA-B3-3926	350.98333333333335
t_TCGA-B5-A0JN	335.53333333333336
t_TCGA-B5-A0K3	282.4166666666667
t_TCGA-B5-A0K8	361.35
t_TCGA-B5-A11G	271.4
t_TCGA-B5-A11H	330.71666666666664
t_TCGA-B5-A11I	390.1666666666667
t_TCGA-B5-A1MY	273.6666666666667
t_TCGA-B6-A0I1	375.65
t_TCGA-B6-A0I6	535.1333333333333
t_TCGA-B6-A0RE	250.65
t_TCGA-B6-A0RT	517.8666666666667
t_TCGA-B6-A0RU	169.18333333333334
t_TCGA-B6-A0WX	325.65
t_TCGA-B6-A0X5	364.3833333333333
t_TCGA-B9-4113	373.78333333333336
t_TCGA-B9-4114	348.95
t_TCGA-B9-4115	329.1
t_TCGA-B9-4116	324.5
t_TCGA-B9-4117	392.46666666666664
t_TCGA-B9-4617	396.06666666666666
t_TCGA-B9-A44B	371.43333333333334
t_TCGA-BA-4076	276.56666666666666
t_TCGA-BA-5149	393.73333333333335
t_TCGA-BA-5556	384.43333333333334
t_TCGA-BA-6869	368.8333333333333
t_TCGA-BA-6872	395.81666666666666
t_TCGA-BA-6873	443.68333333333334
t_TCGA-BA-A4IH	202.2
t_TCGA-BB-4225	339.98333333333335
t_TCGA-BC-A10Q	443.0833333333333
t_TCGA-BC-A216	332.18333333333334
t_TCGA-BC-A217	439.0833333333333
t_TCGA-BG-A18C	343.06666666666666
t_TCGA-BH-A0AV	312.78333333333336
t_TCGA-BH-A0B3	220.16666666666666
t_TCGA-BH-A0BW	339.31666666666666
t_TCGA-BH-A0DG	302.55
t_TCGA-BH-A0DT	357.73333333333335
t_TCGA-BH-A0E0	227.46666666666667
t_TCGA-BH-A0EA	329.7
t_TCGA-BH-A0H0	363.65
t_TCGA-BH-A0H6	354.05
t_TCGA-BH-A0WA	191.38333333333333
t_TCGA-BH-A18R	345.21666666666664
t_TCGA-BH-A18U	293.35
t_TCGA-BH-A1FC	261.3666666666667
t_TCGA-BJ-A0Z2	417.98333333333335
t_TCGA-BJ-A0ZB	446.4
t_TCGA-BJ-A191	250.28333333333333
t_TCGA-BJ-A28T	376.9
t_TCGA-BJ-A28V	417.5
t_TCGA-BJ-A45K	515.0666666666667
t_TCGA-BK-A0CC	317.8666666666667
t_TCGA-BK-A139	311.1333333333333
t_TCGA-BL-A13J	207.91666666666666
t_TCGA-BP-4326	404.98333333333335
t_TCGA-BP-4327	186.11666666666667
t_TCGA-BP-4756	355.48333333333335
t_TCGA-BP-4781	197.93333333333334
t_TCGA-BP-4807	364.03333333333336
t_TCGA-BP-4968	182.38333333333333
t_TCGA-BP-4977	235.11666666666667
t_TCGA-BP-5010	316.1166666666667
t_TCGA-BP-5168	203.18333333333334
t_TCGA-BR-4255	345.98333333333335
t_TCGA-BR-4280	225.7
t_TCGA-BR-6452	192.6
t_TCGA-BR-6456	364.9166666666667
t_TCGA-BR-6564	402.75
t_TCGA-BR-7722	202.08333333333334
t_TCGA-BR-8373	371.1
t_TCGA-BR-8381	370.01666666666665
t_TCGA-BR-8486	461.1666666666667
t_TCGA-BR-8682	463.51666666666665
t_TCGA-BR-8690	498.3666666666667
t_TCGA-BR-A4J4	333.31666666666666
t_TCGA-BS-A0TC	316.8666666666667
t_TCGA-BS-A0TD	309.9
t_TCGA-BS-A0TE	326.3
t_TCGA-BS-A0TG	357.6166666666667
t_TCGA-BS-A0U9	336.06666666666666
t_TCGA-BS-A0V8	254.7
t_TCGA-BT-A20P	237.15
t_TCGA-BT-A20Q	202.0
t_TCGA-BT-A20T	269.0
t_TCGA-BT-A20V	229.3
t_TCGA-BT-A2LA	185.13333333333333
t_TCGA-BT-A3PH	231.56666666666666
t_TCGA-BT-A3PJ	231.06666666666666
t_TCGA-BW-A5NO	315.76666666666665
t_TCGA-BW-A5NP	395.6666666666667
t_TCGA-BW-A5NQ	392.26666666666665
t_TCGA-C4-A0F7	171.6
t_TCGA-C5-A0TN	340.56666666666666
t_TCGA-C5-A1BF	353.65
t_TCGA-C5-A1BJ	288.43333333333334
t_TCGA-C5-A1BN	340.18333333333334
t_TCGA-C5-A1M8	374.75
t_TCGA-C5-A1M9	305.5
t_TCGA-C5-A1MI	348.85
t_TCGA-C5-A1ML	370.85
t_TCGA-C5-A1MQ	216.3
t_TCGA-C5-A2LT	347.3333333333333
t_TCGA-C5-A2LV	320.9166666666667
t_TCGA-C5-A2LY	412.6
t_TCGA-C8-A12L	343.1166666666667
t_TCGA-C8-A12Q	352.96666666666664
t_TCGA-C8-A130	271.35
t_TCGA-CA-6717	403.3833333333333
t_TCGA-CA-6718	482.45
t_TCGA-CC-5260	381.5
t_TCGA-CC-5261	390.0
t_TCGA-CC-5262	356.6333333333333
t_TCGA-CC-A1HT	325.1166666666667
t_TCGA-CD-5799	409.18333333333334
t_TCGA-CD-5802	336.3666666666667
t_TCGA-CD-8529	476.6666666666667
t_TCGA-CF-A27C	219.58333333333334
t_TCGA-CF-A3MF	176.18333333333334
t_TCGA-CG-4442	212.81666666666666
t_TCGA-CG-4443	231.05
t_TCGA-CG-4474	385.26666666666665
t_TCGA-CG-5723	288.35
t_TCGA-CG-5724	317.1666666666667
t_TCGA-CH-5750	299.9166666666667
t_TCGA-CH-5763	314.3666666666667
t_TCGA-CH-5771	356.31666666666666
t_TCGA-CH-5788	369.6166666666667
t_TCGA-CH-5789	338.7
t_TCGA-CJ-4639	197.26666666666668
t_TCGA-CJ-4870	349.6
t_TCGA-CJ-4878	365.48333333333335
t_TCGA-CJ-4899	448.0
t_TCGA-CJ-4918	387.3333333333333
t_TCGA-CJ-5681	381.26666666666665
t_TCGA-CJ-5682	196.7
t_TCGA-CJ-6033	334.81666666666666
t_TCGA-CN-4737	424.55
t_TCGA-CN-5365	431.28333333333336
t_TCGA-CN-5374	386.1
t_TCGA-CN-6011	450.03333333333336
t_TCGA-CN-6989	391.35
t_TCGA-CN-6994	313.6
t_TCGA-CQ-6228	418.6666666666667
t_TCGA-CR-5249	322.95
t_TCGA-CR-5250	423.3833333333333
t_TCGA-CR-6467	364.3333333333333
t_TCGA-CR-6470	246.58333333333334
t_TCGA-CR-6472	254.66666666666666
t_TCGA-CR-6480	285.6666666666667
t_TCGA-CR-6482	348.75
t_TCGA-CR-6487	388.06666666666666
t_TCGA-CR-6491	389.06666666666666
t_TCGA-CR-7382	342.28333333333336
t_TCGA-CR-7385	229.48333333333332
t_TCGA-CR-7391	275.1666666666667
t_TCGA-CR-7404	255.26666666666668
t_TCGA-CS-5395	165.7
t_TCGA-CS-6668	238.91666666666666
t_TCGA-CS-6669	322.1666666666667
t_TCGA-CV-5431	399.48333333333335
t_TCGA-CV-5432	430.55
t_TCGA-CV-5442	389.06666666666666
t_TCGA-CV-5443	231.16666666666666
t_TCGA-CV-5973	407.3
t_TCGA-CV-6433	393.21666666666664
t_TCGA-CV-6956	359.1
t_TCGA-CV-6961	287.46666666666664
t_TCGA-CV-7090	445.93333333333334
t_TCGA-CV-7100	252.7
t_TCGA-CV-7180	425.4166666666667
t_TCGA-CV-7255	434.1333333333333
t_TCGA-CV-7432	417.2
t_TCGA-CW-5585	369.01666666666665
t_TCGA-CW-6087	409.6666666666667
t_TCGA-CW-6093	197.91666666666666
t_TCGA-CX-7086	373.53333333333336
t_TCGA-CZ-4856	363.28333333333336
t_TCGA-CZ-5453	432.1
t_TCGA-CZ-5454	166.95
t_TCGA-CZ-5987	161.41666666666666
t_TCGA-D1-A16G	274.81666666666666
t_TCGA-D1-A17K	318.93333333333334
t_TCGA-D1-A1NU	255.86666666666667
t_TCGA-D3-A1Q1	301.3333333333333
t_TCGA-D3-A1Q5	264.48333333333335
t_TCGA-D3-A3MO	366.55
t_TCGA-D5-6540	386.93333333333334
t_TCGA-D7-5579	408.0833333333333
t_TCGA-D7-6519	219.88333333333333
t_TCGA-D7-6527	470.56666666666666
t_TCGA-D7-6528	237.03333333333333
t_TCGA-D7-6815	248.03333333333333
t_TCGA-D7-6822	313.1166666666667
t_TCGA-D7-8570	432.8333333333333
t_TCGA-D7-A4YX	385.8
t_TCGA-D8-A27F	302.93333333333334
t_TCGA-D8-A27H	308.8333333333333
t_TCGA-DA-A1HV	331.3
t_TCGA-DA-A1HW	310.06666666666666
t_TCGA-DA-A1HY	332.51666666666665
t_TCGA-DA-A1I0	381.95
t_TCGA-DA-A1I2	350.3
t_TCGA-DA-A1I8	362.3666666666667
t_TCGA-DA-A1IC	200.61666666666667
t_TCGA-DA-A3F3	309.23333333333335
t_TCGA-DA-A3F5	308.48333333333335
t_TCGA-DA-A3F8	333.51666666666665
t_TCGA-DB-5278	201.43333333333334
t_TCGA-DD-A1E9	399.71666666666664
t_TCGA-DD-A1EB	384.98333333333335
t_TCGA-DD-A1ED	411.68333333333334
t_TCGA-DD-A1EG	398.43333333333334
t_TCGA-DD-A1EH	340.1166666666667
t_TCGA-DD-A1EI	408.6666666666667
t_TCGA-DD-A1EJ	394.01666666666665
t_TCGA-DD-A1EL	440.68333333333334
t_TCGA-DD-A3A6	389.25
t_TCGA-DD-A3A7	379.5833333333333
t_TCGA-DD-A3A8	385.03333333333336
t_TCGA-DD-A3A9	380.15
t_TCGA-DD-A4NA	392.75
t_TCGA-DD-A4NB	394.1333333333333
t_TCGA-DD-A4ND	374.01666666666665
t_TCGA-DD-A4NE	498.35
t_TCGA-DD-A4NG	306.73333333333335
t_TCGA-DE-A0Y3	414.55
t_TCGA-DE-A2OL	518.2166666666667
t_TCGA-DE-A3KN	537.1833333333333
t_TCGA-DG-A2KJ	309.31666666666666
t_TCGA-DI-A1NN	341.18333333333334
t_TCGA-DJ-A13L	501.75
t_TCGA-DJ-A13R	484.56666666666666
t_TCGA-DJ-A13W	259.8833333333333
t_TCGA-DJ-A1QL	203.43333333333334
t_TCGA-DJ-A2Q1	616.55
t_TCGA-DJ-A2Q2	415.3333333333333
t_TCGA-DJ-A2Q8	192.91666666666666
t_TCGA-DJ-A3US	341.3333333333333
t_TCGA-DJ-A4UT	462.05
t_TCGA-DK-A1A5	165.98333333333332
t_TCGA-DK-A1A6	193.25
t_TCGA-DK-A1A7	193.23333333333332
t_TCGA-DK-A1AA	337.9166666666667
t_TCGA-DK-A1AE	303.55
t_TCGA-DK-A1AG	195.35
t_TCGA-DK-A3IL	189.5
t_TCGA-DQ-5625	372.6333333333333
t_TCGA-DS-A0VL	304.98333333333335
t_TCGA-DU-5874	189.56666666666666
t_TCGA-DU-6401	342.06666666666666
t_TCGA-DU-6407	169.1
t_TCGA-DU-7009	254.66666666666666
t_TCGA-DU-7301	197.7
t_TCGA-DV-5566	162.75
t_TCGA-DX-A1KU	342.7
t_TCGA-DX-A1KW	281.06666666666666
t_TCGA-DX-A1L0	331.1666666666667
t_TCGA-DX-A1L2	343.48333333333335
t_TCGA-DX-A1L3	324.65
t_TCGA-DX-A23R	262.9166666666667
t_TCGA-DX-A240	325.48333333333335
t_TCGA-DX-A2IZ	294.9166666666667
t_TCGA-DX-A2J0	279.03333333333336
t_TCGA-DX-A2J4	260.1666666666667
t_TCGA-DX-A3LS	294.78333333333336
t_TCGA-DX-A3LT	282.8833333333333
t_TCGA-DX-A3LU	378.3833333333333
t_TCGA-DX-A3LW	281.6333333333333
t_TCGA-DX-A3LY	313.1333333333333
t_TCGA-DX-A3M1	305.81666666666666
t_TCGA-DX-A3U5	290.25
t_TCGA-DX-A3U6	350.28333333333336
t_TCGA-DX-A3U7	287.71666666666664
t_TCGA-DX-A3U8	288.8
t_TCGA-E1-5318	244.78333333333333
t_TCGA-E1-5319	193.38333333333333
t_TCGA-E2-A109	324.3333333333333
t_TCGA-E2-A14P	338.01666666666665
t_TCGA-E2-A14X	319.1
t_TCGA-E2-A152	318.18333333333334
t_TCGA-E2-A156	381.53333333333336
t_TCGA-E2-A15E	339.5833333333333
t_TCGA-E2-A15H	296.6333333333333
t_TCGA-E2-A15K	336.73333333333335
t_TCGA-E2-A1LG	346.68333333333334
t_TCGA-E2-A1LK	387.6
t_TCGA-E2-A1LL	381.1
t_TCGA-E6-A1LZ	340.15
t_TCGA-E8-A416	500.8333333333333
t_TCGA-E8-A418	470.8
t_TCGA-E9-A1NH	322.6166666666667
t_TCGA-EB-A24D	433.0
t_TCGA-ED-A459	396.45
t_TCGA-ED-A4XI	409.43333333333334
t_TCGA-EE-A185	347.55
t_TCGA-EE-A29B	202.25
t_TCGA-EE-A2A0	323.28333333333336
t_TCGA-EE-A2GN	255.93333333333334
t_TCGA-EE-A2GT	425.53333333333336
t_TCGA-EE-A2M5	229.11666666666667
t_TCGA-EE-A2MI	219.58333333333334
t_TCGA-EE-A3J5	246.1
t_TCGA-EE-A3JI	237.36666666666667
t_TCGA-EI-6917	408.46666666666664
t_TCGA-EJ-5503	356.0
t_TCGA-EJ-5506	277.1166666666667
t_TCGA-EJ-7791	326.1
t_TCGA-EK-A2PK	356.26666666666665
t_TCGA-EK-A2R9	274.3
t_TCGA-EK-A2RE	291.3833333333333
t_TCGA-EK-A2RL	358.0833333333333
t_TCGA-EK-A2RM	317.73333333333335
t_TCGA-EL-A3CV	480.8333333333333
t_TCGA-EL-A3CX	207.71666666666667
t_TCGA-EL-A3H1	176.31666666666666
t_TCGA-EL-A3MY	394.1
t_TCGA-EL-A3T0	418.18333333333334
t_TCGA-EL-A3T9	535.3166666666667
t_TCGA-EL-A3TB	226.66666666666666
t_TCGA-EL-A4K6	582.9666666666667
t_TCGA-EM-A22O	390.85
t_TCGA-EM-A2CN	476.81666666666666
t_TCGA-EM-A2CP	501.1333333333333
t_TCGA-EM-A2CU	575.4666666666667
t_TCGA-EM-A2OV	452.5833333333333
t_TCGA-EM-A2OW	466.35
t_TCGA-EM-A3AL	179.61666666666667
t_TCGA-EM-A3AQ	257.5
t_TCGA-EM-A3FL	496.1666666666667
t_TCGA-EM-A3FQ	195.28333333333333
t_TCGA-EM-A3FR	427.53333333333336
t_TCGA-EO-A1Y8	372.56666666666666
t_TCGA-EP-A26S	453.3833333333333
t_TCGA-EP-A2KA	419.65
t_TCGA-EP-A2KB	408.21666666666664
t_TCGA-EP-A3RK	475.26666666666665
t_TCGA-EQ-5647	472.3833333333333
t_TCGA-ER-A19D	310.23333333333335
t_TCGA-ER-A19E	234.2
t_TCGA-ER-A19J	372.4
t_TCGA-ER-A19L	442.53333333333336
t_TCGA-ER-A19T	201.46666666666667
t_TCGA-ER-A2NF	191.03333333333333
t_TCGA-ES-A2HS	420.96666666666664
t_TCGA-ES-A2HT	385.96666666666664
t_TCGA-ET-A2N1	403.8
t_TCGA-ET-A3DV	178.68333333333334
t_TCGA-ET-A4KN	488.4
t_TCGA-EW-A1J5	404.71666666666664
t_TCGA-EW-A1P8	343.3833333333333
t_TCGA-EW-A1PB	312.1166666666667
t_TCGA-EW-A1PC	323.1666666666667
t_TCGA-EW-A1PH	298.3333333333333
t_TCGA-EW-A3U0	304.8
t_TCGA-EX-A1H5	275.8333333333333
t_TCGA-EY-A1GS	358.46666666666664
t_TCGA-EY-A1GW	295.8833333333333
t_TCGA-EZ-7264	203.78333333333333
t_TCGA-F1-6177	226.81666666666666
t_TCGA-F1-6875	567.3833333333333
t_TCGA-F5-6814	404.05
t_TCGA-FD-A3N5	235.76666666666668
t_TCGA-FD-A3N6	238.2
t_TCGA-FE-A22Z	479.03333333333336
t_TCGA-FE-A233	406.81666666666666
t_TCGA-FE-A3PD	225.85
t_TCGA-FF-8041	371.65
t_TCGA-FF-8042	440.78333333333336
t_TCGA-FF-8043	396.06666666666666
t_TCGA-FF-8046	414.21666666666664
t_TCGA-FF-8047	351.76666666666665
t_TCGA-FF-8061	370.6
t_TCGA-FF-8062	409.06666666666666
t_TCGA-FG-5964	221.71666666666667
t_TCGA-FG-8182	369.5
t_TCGA-FK-A3S3	228.91666666666666
t_TCGA-FK-A3SD	442.4166666666667
t_TCGA-FK-A3SE	187.45
t_TCGA-FP-7998	419.5
t_TCGA-FS-A1ZD	238.13333333333333
t_TCGA-FS-A1ZK	248.66666666666666
t_TCGA-FS-A1ZP	247.55
t_TCGA-FS-A1ZU	212.78333333333333
t_TCGA-FT-A3EE	191.71666666666667
t_TCGA-FV-A23B	382.3666666666667
t_TCGA-FV-A2QQ	463.48333333333335
t_TCGA-FV-A3I0	432.25
t_TCGA-FV-A3I1	450.1333333333333
t_TCGA-FV-A3R2	438.8666666666667
t_TCGA-FV-A3R3	415.3333333333333
t_TCGA-FV-A495	411.53333333333336
t_TCGA-FV-A496	385.3
t_TCGA-FV-A4ZQ	391.68333333333334
t_TCGA-FX-A2QS	332.51666666666665
t_TCGA-FX-A3NJ	291.9
t_TCGA-FX-A3RE	268.03333333333336
t_TCGA-FX-A48G	325.6166666666667
t_TCGA-FY-A2QD	433.6666666666667
t_TCGA-G3-A25S	400.68333333333334
t_TCGA-G3-A25T	440.8666666666667
t_TCGA-G3-A25V	436.2
t_TCGA-G3-A25W	408.25
t_TCGA-G3-A25Y	361.3
t_TCGA-G3-A3CK	424.31666666666666
t_TCGA-G3-A5SL	448.81666666666666
t_TCGA-G9-6336	317.3333333333333
t_TCGA-G9-6365	328.05
t_TCGA-G9-6370	313.35
t_TCGA-G9-7522	309.85
t_TCGA-GD-A2C5	207.36666666666667
t_TCGA-GI-A2C9	292.46666666666664
t_TCGA-GL-A4EM	377.28333333333336
t_TCGA-GL-A59R	381.68333333333334
t_TCGA-GM-A2DF	329.1166666666667
t_TCGA-GM-A3XL	354.8666666666667
t_TCGA-GN-A262	303.26666666666665
t_TCGA-GN-A264	395.9
t_TCGA-GN-A266	222.18333333333334
t_TCGA-GN-A26A	288.35
t_TCGA-GN-A26C	397.5
t_TCGA-H4-A2HQ	213.43333333333334
t_TCGA-HB-A43Z	320.73333333333335
t_TCGA-HB-A5W3	248.15
t_TCGA-HC-7075	371.98333333333335
t_TCGA-HC-7079	333.3833333333333
t_TCGA-HC-7233	316.0
t_TCGA-HC-7737	309.78333333333336
t_TCGA-HC-7740	281.4166666666667
t_TCGA-HC-7744	311.55
t_TCGA-HC-8258	385.56666666666666
t_TCGA-HD-7753	413.48333333333335
t_TCGA-HE-A5NF	341.4166666666667
t_TCGA-HE-A5NH	399.28333333333336
t_TCGA-HE-A5NI	386.3
t_TCGA-HE-A5NJ	332.8666666666667
t_TCGA-HE-A5NL	318.9
t_TCGA-HF-7136	230.51666666666668
t_TCGA-HI-7169	311.5
t_TCGA-HP-A5MZ	437.5
t_TCGA-HT-7602	360.46666666666664
t_TCGA-HT-7695	196.41666666666666
t_TCGA-HU-8245	366.71666666666664
t_TCGA-HU-8608	501.3833333333333
t_TCGA-HU-A4G6	338.5
t_TCGA-HU-A4H0	399.23333333333335
t_TCGA-HW-7486	345.0833333333333
t_TCGA-HW-7487	203.1
t_TCGA-IA-A40X	362.8666666666667
t_TCGA-IA-A40Y	379.8666666666667
t_TCGA-IE-A4EI	310.23333333333335
t_TCGA-IE-A4EK	278.81666666666666
t_TCGA-IF-A4AJ	296.93333333333334
t_TCGA-IK-7675	351.21666666666664
t_TCGA-IN-7806	446.9166666666667
t_TCGA-IS-A3K7	344.1
t_TCGA-IS-A3KA	312.7
t_TCGA-IW-A3M4	319.3
t_TCGA-IW-A3M5	289.2
t_TCGA-KL-8323	334.25
t_TCGA-KL-8325	404.45
t_TCGA-KL-8326	419.53333333333336
t_TCGA-KL-8327	455.8333333333333
t_TCGA-KL-8328	339.95
t_TCGA-KL-8330	478.96666666666664
t_TCGA-KL-8331	388.4166666666667
t_TCGA-KL-8332	490.56666666666666
t_TCGA-KL-8333	440.21666666666664
t_TCGA-KL-8334	389.21666666666664
t_TCGA-KL-8337	376.0833333333333
t_TCGA-KL-8340	436.98333333333335
t_TCGA-KL-8341	416.15
t_TCGA-KL-8342	331.1666666666667
t_TCGA-KL-8343	342.31666666666666
t_TCGA-KL-8344	343.7
t_TCGA-KL-8346	329.15
t_TCGA-KM-8438	416.5
t_TCGA-KM-8439	343.75
t_TCGA-KM-8440	404.53333333333336
t_TCGA-KM-8441	371.6
t_TCGA-KM-8442	367.96666666666664
t_TCGA-KM-8443	380.51666666666665
t_TCGA-KM-8476	395.28333333333336
t_TCGA-KM-8477	344.75
t_TCGA-KM-8639	432.43333333333334
t_TCGA-KN-8418	377.85
t_TCGA-KN-8419	359.9
t_TCGA-KN-8421	345.48333333333335
t_TCGA-KN-8422	411.25
t_TCGA-KN-8424	354.26666666666665
t_TCGA-KN-8425	390.78333333333336
t_TCGA-KN-8426	295.0833333333333
t_TCGA-KN-8427	308.6166666666667
t_TCGA-KN-8428	415.1
t_TCGA-KN-8429	369.81666666666666
t_TCGA-KN-8431	383.0833333333333
t_TCGA-KN-8432	339.03333333333336
t_TCGA-KN-8434	316.85
t_TCGA-KN-8435	360.56666666666666
t_TCGA-KN-8437	408.26666666666665
t_TCGA-KO-8405	467.28333333333336
t_TCGA-KO-8406	351.6
t_TCGA-KO-8407	347.9166666666667
t_TCGA-KO-8409	336.6666666666667
t_TCGA-KO-8410	393.25
t_TCGA-KO-8411	466.8666666666667
t_TCGA-KO-8416	390.8
t_TCGA-KO-8417	362.8666666666667
t_TCGA-L6-A4ET	432.78333333333336
t_TCGA-MH-A55W	405.85
t_TCGA-MH-A55Z	341.81666666666666
t_TCGA-MH-A560	362.5833333333333
t_TCGA-MH-A561	383.8666666666667
t_TCGA-MH-A562	394.23333333333335
t_TCGA-MO-A47R	266.23333333333335
t_TCGA-MR-A520	435.56666666666666
t_TCGA-NH-A50T	370.03333333333336
t_TCGA-NH-A50V	390.8
t_TCGA-PD-A5DF	496.3
t_TCGA-QG-A5YV	414.05
t_TCGA-QG-A5YW	389.18333333333334
t_TCGA-QG-A5YX	412.0
t_TCGA-QG-A5Z1	370.3833333333333
t_TCGA-QG-A5Z2	435.53333333333336
